9.999060703896254232e-01,9.981978336483835479e-01,-1.370585269063561394e-02,-6.000904014958174937e-02,-2.218186183106105741e-02,1.228519481768053367e-03,-5.237480995070740997e-02,-2.322910079998698474e-01,2.318734544811366372e-01,-1.070425553173084618e-02,0.000000000000000000e+00
9.999341851126175573e-01,9.979674838563870054e-01,-1.147281321932705836e-02,-6.372520039475687570e-02,-2.218186183106105741e-02,1.228519481768053367e-03,2.746079539035705674e-01,-1.403444576855674419e-01,2.318640407834921258e-01,-1.064488479468263422e-02,0.000000000000000000e+00
9.999790332977679386e-01,9.977881730535103078e-01,-6.475566759877322831e-03,-6.647376711559423168e-02,-2.218186183106105741e-02,1.228519481768053367e-03,2.253015071099842836e-01,-1.351140726606936959e-01,2.318868144876050919e-01,-9.898733224534344080e-03,0.000000000000000000e+00
9.999973827680721516e-01,9.973804660687436430e-01,-2.287893573973971261e-03,-7.233398858417576516e-02,-2.218186183106105741e-02,1.228519481768053367e-03,1.935753362963015811e-01,-4.512718322792815817e-01,2.318749720411148463e-01,-9.664862897526315180e-03,0.000000000000000000e+00
9.999999771514326286e-01,9.963941699138416652e-01,-2.137688804908511860e-04,-8.484490651598643185e-02,-2.218186183106105741e-02,1.228519481768053367e-03,1.443324927795456951e-02,-8.025394702572414829e-01,2.317832414172531774e-01,-1.060594760200088069e-02,0.000000000000000000e+00
9.999943102549471163e-01,9.950922380537736700e-01,3.373345184327522679e-03,-9.895169409935214433e-02,-2.218186183106105741e-02,1.228519481768053367e-03,3.431845594461100379e-01,-6.147715502869308679e-01,2.316775117951103968e-01,-1.140693651298825724e-02,0.000000000000000000e+00
9.999554060488206053e-01,9.942391121474799531e-01,9.443829400104757424e-03,-1.071848304387830880e-01,-2.218186183106105741e-02,1.228519481768053367e-03,2.641409809262746933e-01,-2.142875471042576252e-01,2.316501587875106349e-01,-1.104121958325464219e-02,0.000000000000000000e+00
9.999112208405696034e-01,9.939477147317268280e-01,1.332480533147262745e-02,-1.098541777975593908e-01,-2.218186183106105741e-02,1.228519481768053367e-03,1.244473236314134479e-01,-5.476490616683564461e-02,2.316585406747379283e-01,-1.052201882408216986e-02,0.000000000000000000e+00
9.998401210057832333e-01,9.935670936172293910e-01,1.788106336716826367e-02,-1.132450020133858593e-01,-2.218186183106105741e-02,1.228519481768053367e-03,3.305478384914101730e-01,-2.856773820162774036e-01,2.316635268315035967e-01,-9.941182546434647327e-03,0.000000000000000000e+00
9.997111770413781295e-01,9.926227672223665310e-01,2.403253000710292228e-02,-1.212437297010097725e-01,-2.218186183106105741e-02,1.228519481768053367e-03,2.848866227678561458e-01,-5.189751603764169996e-01,2.316304771173591237e-01,-9.534001926716115585e-03,0.000000000000000000e+00
9.995825936893277808e-01,9.912485215430327790e-01,2.889010891838491440e-02,-1.320089714328225583e-01,-2.218186183106105741e-02,1.228519481768053367e-03,2.013200497548264523e-01,-5.661333682371777476e-01,2.315514637926211761e-01,-9.704239000558577410e-03,0.000000000000000000e+00
9.995363343524298338e-01,9.901361932113810216e-01,3.044858468480339184e-02,-1.401082399178391891e-01,-2.218186183106105741e-02,1.228519481768053367e-03,-4.458466824257536348e-02,-2.524440435699377705e-01,2.314692405461194202e-01,-1.027204267444243452e-02,0.000000000000000000e+00
9.994613049368412661e-01,9.888894165677041270e-01,3.281920069024093362e-02,-1.486530248612036587e-01,-2.218186183106105741e-02,1.228519481768053367e-03,2.806815975784365813e-01,-6.098934026440265832e-01,2.313838903489155718e-01,-1.071974303586377061e-02,0.000000000000000000e+00
9.991098291698785605e-01,9.864189796152028622e-01,4.218470405414893876e-02,-1.642485818961672284e-01,-2.218186183106105741e-02,1.228519481768053367e-03,6.552838243956029540e-01,-9.679303193425223828e-01,2.312645148122648153e-01,-1.048417683413899008e-02,0.000000000000000000e+00
9.982897973111357626e-01,9.826736868648994205e-01,5.845922155222014333e-02,-1.853440723177993688e-01,-2.218186183106105741e-02,1.228519481768053367e-03,9.731920059816057123e-01,-1.173961532504965932e+00,2.311119432342160496e-01,-9.416664324635861533e-03,0.000000000000000000e+00
9.968188364741406016e-01,9.774528670840054723e-01,7.970073556963271078e-02,-2.111537180095522104e-01,-2.218186183106105741e-02,1.228519481768053367e-03,1.155479462207899211e+00,-1.458405235531707644e+00,2.308927368024403515e-01,-7.842087253390507551e-03,0.000000000000000000e+00
9.943845896392895511e-01,9.705321392804306946e-01,1.058266879756787349e-01,-2.409717133270014855e-01,-2.218186183106105741e-02,1.228519481768053367e-03,1.467468266238489250e+00,-1.602294866295088438e+00,2.305845025885596422e-01,-5.706196071510254500e-03,0.000000000000000000e+00
9.911301848941607151e-01,9.620275224959146110e-01,1.328945318350866489e-01,-2.729524609897711618e-01,-2.218186183106105741e-02,1.228519481768053367e-03,1.259586188691325992e+00,-1.706733062657920019e+00,2.301694138992350924e-01,-3.633992862226095161e-03,0.000000000000000000e+00
9.869179621024388727e-01,9.514430900548551673e-01,1.612232491905837284e-01,-3.078247007419461778e-01,-2.218186183106105741e-02,1.228519481768053367e-03,1.603383671225115936e+00,-1.937015497561155319e+00,2.296223985351836527e-01,-1.650715645472890930e-03,0.000000000000000000e+00
9.818767249770198324e-01,9.384160525227190908e-01,1.895207032184127727e-01,-3.455073260694731530e-01,-2.218186183106105741e-02,1.228519481768053367e-03,1.272117299101086285e+00,-2.049957099351114920e+00,2.289274049360821850e-01,-2.970816413553831192e-05,0.000000000000000000e+00
9.774285812444901689e-01,9.244187123517587645e-01,2.112661084187029414e-01,-3.813791345287735335e-01,-2.218186183106105741e-02,1.228519481768053367e-03,9.485743714874247390e-01,-1.801709098616477434e+00,2.281785306438342820e-01,3.762800184355305499e-04,0.000000000000000000e+00
9.724869974370885517e-01,9.111005725759692142e-01,2.329571630489091771e-01,-4.121841174181035683e-01,-2.218186183106105741e-02,1.228519481768053367e-03,1.275067832201526086e+00,-1.555337543309803561e+00,2.274565609883889006e-01,1.321213580980931668e-03,0.000000000000000000e+00
9.653945353599601154e-01,8.967198267911261622e-01,2.607937712007835085e-01,-4.425986356053221438e-01,-2.218186183106105741e-02,1.228519481768053367e-03,1.596555000028766491e+00,-1.808273263247900831e+00,2.266440370423028761e-01,3.574127699978352918e-03,0.000000000000000000e+00
9.571549713498174183e-01,8.793680338544423991e-01,2.895761744693960416e-01,-4.761426897842411798e-01,-2.218186183106105741e-02,1.228519481768053367e-03,1.398072518237018835e+00,-1.968042484046794272e+00,2.256501851034565520e-01,5.608524427613677255e-03,0.000000000000000000e+00
9.481064965702898917e-01,8.593175332833463687e-01,3.179529385950237153e-01,-5.114424473895619050e-01,-2.218186183106105741e-02,1.228519481768053367e-03,1.579881174739756533e+00,-2.091498481815293964e+00,2.244998381595672554e-01,7.281945318386422866e-03,0.000000000000000000e+00
9.386779460427755462e-01,8.353116061737185793e-01,3.447951763190956198e-01,-5.497767916086331308e-01,-2.218186183106105741e-02,1.228519481768053367e-03,1.266258411895905711e+00,-2.430816502625344988e+00,2.231510662876673157e-01,8.165700223056814033e-03,0.000000000000000000e+00
9.309382331614727280e-01,8.090242754814623849e-01,3.651766778399128666e-01,-5.877752305785731712e-01,-2.218186183106105741e-02,1.228519481768053367e-03,9.151110869162533135e-01,-2.190898598610311776e+00,2.217329222563952651e-01,7.597314058106922896e-03,0.000000000000000000e+00
9.234935570310548458e-01,7.810986231142018621e-01,3.836139336913217401e-01,-6.244076720933992020e-01,-2.218186183106105741e-02,1.228519481768053367e-03,1.072751745200833495e+00,-2.415037185174992551e+00,2.202270645606289878e-01,6.663266377595608581e-03,0.000000000000000000e+00
9.135559038497572670e-01,7.524207208098310229e-01,4.067131796994696291e-01,-6.586828211635813446e-01,-2.218186183106105741e-02,1.228519481768053367e-03,1.440713470727994050e+00,-2.055544806459991936e+00,2.186174872056071694e-01,6.912681658795244433e-03,0.000000000000000000e+00
9.007623850438943869e-01,7.242449483826464141e-01,4.343122444624776812e-01,-6.895427867378628450e-01,-2.218186183106105741e-02,1.228519481768053367e-03,1.600881053428016898e+00,-2.123302534955870069e+00,2.169615594944340753e-01,8.480371212272477810e-03,0.000000000000000000e+00
8.863915617958585402e-01,6.932430467984789235e-01,4.629362798237989796e-01,-7.207038768215153768e-01,-2.218186183106105741e-02,1.228519481768053367e-03,1.602149892581326451e+00,-2.272156964004422353e+00,2.151147633117701241e-01,1.009633982372300925e-02,0.000000000000000000e+00
8.695427416594283532e-01,6.589461592356999908e-01,4.938576924858056882e-01,-7.521901084357062173e-01,-2.218186183106105741e-02,1.228519481768053367e-03,1.918367232309078130e+00,-2.383703250901893611e+00,2.130264097598871531e-01,1.200710621036479159e-02,0.000000000000000000e+00
8.497062757586480997e-01,6.216957326898476799e-01,5.272563370281748707e-01,-7.832588435218803546e-01,-2.218186183106105741e-02,1.228519481768053367e-03,1.966244493905685786e+00,-2.467123502559433579e+00,2.106885705047704949e-01,1.434494927690345423e-02,0.000000000000000000e+00
8.296128592599374407e-01,5.798183626726179929e-01,5.583390580557222593e-01,-8.147457678979649343e-01,-2.218186183106105741e-02,1.228519481768053367e-03,1.735921600388834030e+00,-2.771870227921445551e+00,2.080953876930347890e-01,1.586498006313038361e-02,0.000000000000000000e+00
8.113090540020775343e-01,5.333234194994068700e-01,5.846174979371161484e-01,-8.459114198386611383e-01,-2.218186183106105741e-02,1.228519481768053367e-03,1.467583486157624684e+00,-2.826071420241342391e+00,2.053074782158857969e-01,1.603786541822791595e-02,0.000000000000000000e+00
7.932086625123220269e-01,4.818374572552611701e-01,6.089499303846033218e-01,-8.762606146494228421e-01,-2.218186183106105741e-02,1.228519481768053367e-03,1.564849509569250730e+00,-3.150256467784747993e+00,2.022404082778008483e-01,1.548584824720194292e-02,0.000000000000000000e+00
7.723270693959425337e-01,4.258990851038199632e-01,6.352250765502530649e-01,-9.047706722190597128e-01,-2.218186183106105741e-02,1.228519481768053367e-03,1.790782037413644501e+00,-3.129318765124634361e+00,1.988178854869822321e-01,1.518773179662893935e-02,0.000000000000000000e+00
7.467149078337865786e-01,3.692207311008441906e-01,6.651442297868782605e-01,-9.293417303260185225e-01,-2.218186183106105741e-02,1.228519481768053367e-03,2.146740130649647416e+00,-3.049445892989674167e+00,1.951767422836026555e-01,1.596510257346811512e-02,0.000000000000000000e+00
7.188807905556826583e-01,3.144530701929955097e-01,6.951333749504743365e-01,-9.492730200770477245e-01,-2.218186183106105741e-02,1.228519481768053367e-03,1.945774865806872977e+00,-2.780443840592487170e+00,1.915216871053553593e-01,1.726384573316254445e-02,0.000000000000000000e+00
6.943308546097696210e-01,2.585473334703320969e-01,7.196559346916184818e-01,-9.659985902450276551e-01,-2.218186183106105741e-02,1.228519481768053367e-03,1.525743417483753417e+00,-3.054877840229000885e+00,1.878324167620817053e-01,1.742514897834417098e-02,0.000000000000000000e+00
6.746004990832683568e-01,1.959086725519712247e-01,7.381830170334490182e-01,-9.806221453847167036e-01,-2.218186183106105741e-02,1.228519481768053367e-03,1.182025969053412062e+00,-3.377459670852280382e+00,1.838062213664055367e-01,1.572984988208709495e-02,0.000000000000000000e+00
6.549615836830413595e-01,1.279660137514399831e-01,7.556621757765850100e-01,-9.917785535715956113e-01,-2.218186183106105741e-02,1.228519481768053367e-03,1.446254966525777785e+00,-3.508714855876615690e+00,1.793369298965642178e-01,1.352101990743106302e-02,0.000000000000000000e+00
6.317335759959107344e-01,5.498418028474168218e-02,7.751855835601039191e-01,-9.984872257161906406e-01,-2.218186183106105741e-02,1.228519481768053367e-03,1.587699918881752215e+00,-3.820837752857468406e+00,1.743176197499635982e-01,1.159301927615012662e-02,0.000000000000000000e+00
6.088986042356319128e-01,-2.032404902035477717e-02,7.932480631932860016e-01,-9.997934451832629632e-01,-2.218186183106105741e-02,1.228519481768053367e-03,1.324786556009953431e+00,-3.713259421477677069e+00,1.689496617312395144e-01,9.357976017533714552e-03,0.000000000000000000e+00
5.868668217089205719e-01,-9.686064450992441788e-02,8.096834774016757885e-01,-9.952979531502724742e-01,-2.218186183106105741e-02,1.228519481768053367e-03,1.423646663854997385e+00,-3.954665163789126137e+00,1.632621420685534674e-01,6.861134036539109915e-03,0.000000000000000000e+00
5.660966154387382376e-01,-1.755021806360158865e-01,8.243388999609355672e-01,-9.844790422309676048e-01,-2.218186183106105741e-02,1.228519481768053367e-03,1.119444123612883590e+00,-3.985543334978358221e+00,1.571327764136128680e-01,3.987363528646051258e-03,0.000000000000000000e+00
5.470113720075859831e-01,-2.534965219497471445e-01,8.371251751646096029e-01,-9.673362979643539417e-01,-2.218186183106105741e-02,1.228519481768053367e-03,1.177662209133219617e+00,-4.002130870939963003e+00,1.507057748852359824e-01,9.352216304972654770e-04,0.000000000000000000e+00
5.305123811053015226e-01,-3.280276848427541858e-01,8.476771870788922802e-01,-9.446681099606902832e-01,-2.218186183106105741e-02,1.228519481768053367e-03,7.821569735010900359e-01,-3.790759047372309620e+00,1.441756198410892864e-01,-2.174828920272542376e-03,0.000000000000000000e+00
5.158087215949404003e-01,-3.992863414550728018e-01,8.567037777006666355e-01,-9.168262744530302211e-01,-2.218186183106105741e-02,1.228519481768053367e-03,9.426627548207608953e-01,-3.861338667350592946e+00,1.375070049929434934e-01,-5.205681715921631203e-03,0.000000000000000000e+00
4.978350797091396496e-01,-4.695979068085534003e-01,8.672717183276499320e-01,-8.828804029544574661e-01,-2.218186183106105741e-02,1.228519481768053367e-03,1.141739045144575915e+00,-3.948069107557902413e+00,1.304760365915352827e-01,-7.649176471259858112e-03,0.000000000000000000e+00
4.786908006386826897e-01,-5.384482880871971355e-01,8.779835518868772670e-01,-8.426585554398452471e-01,-2.218186183106105741e-02,1.228519481768053367e-03,1.052335393512513928e+00,-4.027594890963729135e+00,1.230808891633907998e-01,-9.803489357109770874e-03,0.000000000000000000e+00
4.634196854264786558e-01,-6.040634048070538942e-01,8.861389254283007499e-01,-7.969362602949556784e-01,-2.218186183106105741e-02,1.228519481768053367e-03,6.801571685712003434e-01,-3.972143581941222301e+00,1.154125745423413701e-01,-1.212049823953731398e-02,0.000000000000000000e+00
4.495502102118199006e-01,-6.671553561747766148e-01,8.932550635168593489e-01,-7.449186067801683020e-01,-2.218186183106105741e-02,1.228519481768053367e-03,8.780514252493801797e-01,-4.206414611280712812e+00,1.073400460994464872e-01,-1.429304791568307420e-02,0.000000000000000000e+00
4.333454926931922246e-01,-7.242537182136724594e-01,9.012278757131819695e-01,-6.895335754360845115e-01,-2.218186183106105741e-02,1.228519481768053367e-03,9.277968192576492301e-01,-3.751898478359356748e+00,9.934943643165661253e-02,-1.577344180075468394e-02,0.000000000000000000e+00
4.189088510517763320e-01,-7.744057967124468034e-01,9.080282894879876388e-01,-6.326892302056045247e-01,-2.218186183106105741e-02,1.228519481768053367e-03,6.688948855967979945e-01,-3.830231664277989445e+00,9.158316921146864020e-02,-1.692997033113965988e-02,0.000000000000000000e+00
4.084551228011673585e-01,-8.190901580592209186e-01,9.127784028215628620e-01,-5.736648089002153172e-01,-2.218186183106105741e-02,1.228519481768053367e-03,4.799747082503182938e-01,-3.575399845825980805e+00,8.382467251720783497e-02,-1.796670760980120796e-02,0.000000000000000000e+00
3.975816378604748458e-01,-8.578727092541341692e-01,9.175668047810917605e-01,-5.138622526679418323e-01,-2.218186183106105741e-02,1.228519481768053367e-03,7.073901764577230633e-01,-3.553896022932378163e+00,7.628713535081860231e-02,-1.853224052237703590e-02,0.000000000000000000e+00
3.867189088936720531e-01,-8.922241319834905982e-01,9.221976390688103598e-01,-4.515928457209066882e-01,-2.218186183106105741e-02,1.228519481768053367e-03,4.742547377026043454e-01,-3.559195915280499722e+00,6.870974262923365550e-02,-1.872782290816504824e-02,0.000000000000000000e+00
3.805881028834168789e-01,-9.216492593533404110e-01,9.247446652690686220e-01,-3.880240233973138442e-01,-2.218186183106105741e-02,1.228519481768053367e-03,1.905748160187582252e-01,-3.447488897913265848e+00,6.112662570227021808e-02,-1.875043904643090842e-02,0.000000000000000000e+00
3.792835887180221466e-01,-9.460941996329237380e-01,9.252804760337149936e-01,-3.238915951687192929e-01,-2.218186183106105741e-02,1.228519481768053367e-03,-4.875093096586149977e-02,-3.417285086610565958e+00,5.360400636391791929e-02,-1.850785795981151061e-02,0.000000000000000000e+00
3.816862790362072766e-01,-9.656666621339737855e-01,9.242919367794433239e-01,-2.597843290944042427e-01,-2.218186183106105741e-02,1.228519481768053367e-03,-2.105198149425978604e-01,-3.287256037589715518e+00,4.621927464493580384e-02,-1.788784438769305818e-02,0.000000000000000000e+00
3.839818499082882086e-01,-9.803616730063677842e-01,9.233406407935311755e-01,-1.972079869076187320e-01,-2.218186183106105741e-02,1.228519481768053367e-03,-3.853985417225874732e-02,-3.142197193208472239e+00,3.920136673666795024e-02,-1.679698157965839322e-02,0.000000000000000000e+00
3.879914633224476606e-01,-9.906747569085224692e-01,9.216629668099428629e-01,-1.362480312673909066e-01,-2.218186183106105741e-02,1.228519481768053367e-03,-3.948950688198001879e-01,-2.522157460718489563e+00,3.251314025628768839e-02,-1.531463935947931232e-02,0.000000000000000000e+00
3.978653526988357170e-01,-9.928778770390508379e-01,9.174438190547861138e-01,-1.191365656984769567e-01,-2.218186183106105741e-02,1.228519481768053367e-03,-6.779514816709714120e-01,8.132833576202815051e-02,3.041785786146602999e-02,-1.486231617191977050e-02,0.000000000000000000e+00
4.093746757036318962e-01,-9.920785658613027191e-01,9.123663600180281774e-01,-1.256189442663038502e-01,-2.218186183106105741e-02,1.228519481768053367e-03,-5.803434706896898332e-01,4.271692763791334335e-01,3.103769518100691488e-02,-1.520960960104496273e-02,0.000000000000000000e+00
4.200693067012520876e-01,-9.911106852197919537e-01,9.074920261729738646e-01,-1.330398798975499230e-01,-2.218186183106105741e-02,1.228519481768053367e-03,-5.949201557932590756e-01,3.187086486064772406e-01,3.167256205327794588e-02,-1.556354298227971555e-02,0.000000000000000000e+00
4.329867415992927349e-01,-9.897406724974856518e-01,9.014002893272373695e-01,-1.428754744671908716e-01,-2.218186183106105741e-02,1.228519481768053367e-03,-8.324788287577663537e-01,6.731693589794583987e-01,3.250716956053399664e-02,-1.603015996738633986e-02,0.000000000000000000e+00
4.491953019705237637e-01,-9.878464454509991999e-01,8.934335905301580283e-01,-1.554329444159962270e-01,-2.218186183106105741e-02,1.228519481768053367e-03,-9.731381569762580508e-01,5.970462744159339419e-01,3.356606794431186980e-02,-1.664860837106554858e-02,0.000000000000000000e+00
4.643899191680952998e-01,-9.858371406866425213e-01,8.856308502841632180e-01,-1.677054919875462236e-01,-2.218186183106105741e-02,1.228519481768053367e-03,-7.357695600459261964e-01,6.463916973778757180e-01,3.459917219365613028e-02,-1.727197751278657101e-02,0.000000000000000000e+00
4.802082820946729780e-01,-9.838097671028458446e-01,8.771544936940601778e-01,-1.792159093190229258e-01,-2.218186183106105741e-02,1.228519481768053367e-03,-1.057809950296389356e+00,5.227868628250319505e-01,3.552707519146303117e-02,-1.790462350029506378e-02,0.000000000000000000e+00
5.005640401410582641e-01,-9.824758228564193230e-01,8.656995100597325576e-01,-1.863900681436693463e-01,-2.218186183106105741e-02,1.228519481768053367e-03,-1.277263359116568076e+00,2.079760641972004664e-01,3.589064812728672699e-02,-1.847979423818407740e-02,0.000000000000000000e+00
5.249214831170546658e-01,-9.810961826002936315e-01,8.511506544450234690e-01,-1.935207495002311817e-01,-2.218186183106105741e-02,1.228519481768053367e-03,-1.559064155409927377e+00,5.172869781065804196e-01,3.614275130648980650e-02,-1.914421191787726850e-02,0.000000000000000000e+00
5.532054989695689429e-01,-9.784197383900299361e-01,8.330448222693843663e-01,-2.066272381095611843e-01,-2.218186183106105741e-02,1.228519481768053367e-03,-1.798578735511671578e+00,8.194135607553545420e-01,3.689718426139585589e-02,-2.015520150357130724e-02,0.000000000000000000e+00
5.816538317045716333e-01,-9.747069482180409361e-01,8.134364265653400983e-01,-2.234868342777114325e-01,-2.218186183106105741e-02,1.228519481768053367e-03,-1.657200824318442178e+00,9.066738240881547783e-01,3.798072903626491942e-02,-2.139882283875789437e-02,0.000000000000000000e+00
6.070577343301892803e-01,-9.714694225673454753e-01,7.946577295854468925e-01,-2.371648393347299821e-01,-2.218186183106105741e-02,1.228519481768053367e-03,-1.502556181124987456e+00,5.002858339024706114e-01,3.874774596786148551e-02,-2.251826027454220669e-02,0.000000000000000000e+00
6.317005985957255820e-01,-9.682412390311886385e-01,7.752124571585534696e-01,-2.500178054446297593e-01,-2.218186183106105741e-02,1.228519481768053367e-03,-1.636218428904809841e+00,8.238622178453437472e-01,3.939141703734441724e-02,-2.364539929143752439e-02,0.000000000000000000e+00
6.559468125659718707e-01,-9.634232623402414486e-01,7.548071138274611291e-01,-2.679843607035422015e-01,-2.218186183106105741e-02,1.228519481768053367e-03,-1.533258658421394083e+00,1.035593322398352223e+00,4.051187396482076181e-02,-2.507581821839814651e-02,0.000000000000000000e+00
6.785511110383783961e-01,-9.585005974323385081e-01,7.345531905237239201e-01,-2.850905202244544689e-01,-2.218186183106105741e-02,1.228519481768053367e-03,-1.502049507969079656e+00,7.454346224814691890e-01,4.152956521652361593e-02,-2.650025961666735430e-02,0.000000000000000000e+00
6.983730530459897334e-01,-9.536342211072504904e-01,7.157339441295370586e-01,-3.009680586593330709e-01,-2.218186183106105741e-02,1.228519481768053367e-03,-1.232199401624161084e+00,9.146762360042687279e-01,4.245533489266674343e-02,-2.785611291924855459e-02,0.000000000000000000e+00
7.180121016093908848e-01,-9.471021915212262110e-01,6.960306185380538135e-01,-3.209321405152351092e-01,-2.218186183106105741e-02,1.228519481768053367e-03,-1.548764780197468216e+00,1.185014017895420269e+00,4.375125247519966176e-02,-2.948635354042519752e-02,0.000000000000000000e+00
7.382254064734390386e-01,-9.398059812858636786e-01,6.745541114225943602e-01,-3.417085271679869973e-01,-2.218186183106105741e-02,1.228519481768053367e-03,-1.401102076435061905e+00,1.017616675233279810e+00,4.504279854730929011e-02,-3.125602772908875338e-02,0.000000000000000000e+00
7.561016840733785216e-01,-9.321234178199943043e-01,6.544541567912919300e-01,-3.621407653821540062e-01,-2.218186183106105741e-02,1.228519481768053367e-03,-1.289276488796115228e+00,1.164819718918469249e+00,4.633664418690684045e-02,-3.300628507808761603e-02,0.000000000000000000e+00
7.735190888343557170e-01,-9.224190421214822910e-01,6.337730029031436452e-01,-3.861905109291099425e-01,-2.218186183106105741e-02,1.228519481768053367e-03,-1.414231309382481871e+00,1.427762972775804329e+00,4.797100355956019496e-02,-3.501745096979826111e-02,0.000000000000000000e+00
7.900269740580785349e-01,-9.127138514114377932e-01,6.130720840656799231e-01,-4.085993458654820221e-01,-2.218186183106105741e-02,1.228519481768053367e-03,-1.234158985221315730e+00,1.015691740548512412e+00,4.942225164095587209e-02,-3.698144856425446270e-02,0.000000000000000000e+00
8.030264269698108581e-01,-9.031613141705232550e-01,5.959434181095543126e-01,-4.293013400698552084e-01,-2.218186183106105741e-02,1.228519481768053367e-03,-9.172343600567738342e-01,1.263495335399067221e+00,5.084781344017047511e-02,-3.876123193637349279e-02,0.000000000000000000e+00
8.130462654566300573e-01,-8.928713368496165037e-01,5.821990812660451375e-01,-4.503118650806112733e-01,-2.218186183106105741e-02,1.228519481768053367e-03,-7.841235412712433961e-01,1.076680007781185555e+00,5.247134201730439124e-02,-4.046352587026108560e-02,0.000000000000000000e+00
8.197435353886690645e-01,-8.842413837306404290e-01,5.727307711206774954e-01,-4.670301652978342544e-01,-2.218186183106105741e-02,1.228519481768053367e-03,-3.769913526315445962e-01,8.056799795784094220e-01,5.384570994790276177e-02,-4.177604633428537440e-02,0.000000000000000000e+00
8.230243678051487599e-01,-8.785805832327328035e-01,5.680060651075260481e-01,-4.775941360260100854e-01,-2.218186183106105741e-02,1.228519481768053367e-03,-1.988135956838210094e-01,3.942064252833664684e-01,5.478458188082049873e-02,-4.256020120060111794e-02,0.000000000000000000e+00
8.274751918337491796e-01,-8.760722483896035140e-01,5.615022768428459266e-01,-4.821798581458840438e-01,-2.218186183106105741e-02,1.228519481768053367e-03,-5.879847007506963097e-01,1.293680002658773864e-01,5.496943189048886236e-02,-4.307822138810196710e-02,0.000000000000000000e+00
8.333251032151695048e-01,-8.732076600590177318e-01,5.527832055620242047e-01,-4.873483173401289004e-01,-2.218186183106105741e-02,1.228519481768053367e-03,-4.624084723396031937e-01,4.604510098910883920e-01,5.510474546360686482e-02,-4.371969914878455488e-02,0.000000000000000000e+00
8.379482946560783407e-01,-8.675914255911187922e-01,5.457496271029143031e-01,-4.972777073635717970e-01,-2.218186183106105741e-02,1.228519481768053367e-03,-3.795656787372355123e-01,6.795915364508390288e-01,5.585974687400187266e-02,-4.457339989690318333e-02,0.000000000000000000e+00
8.435319141467882975e-01,-8.590519839742336572e-01,5.370790535999847570e-01,-5.118883558256946964e-01,-2.218186183106105741e-02,1.228519481768053367e-03,-6.508236106160620871e-01,1.011637561496035342e+00,5.706650969670196138e-02,-4.576953477502482964e-02,0.000000000000000000e+00
8.494927213585021786e-01,-8.497374500544896403e-01,5.276003377168423381e-01,-5.272060944022686213e-01,-2.218186183106105741e-02,1.228519481768053367e-03,-4.695064861104633058e-01,7.818975012805698954e-01,5.832511078627144324e-02,-4.704830568428973459e-02,0.000000000000000000e+00
8.560508716489139136e-01,-8.398559427478119455e-01,5.168915796848839728e-01,-5.428093545907108908e-01,-2.218186183106105741e-02,1.228519481768053367e-03,-7.851837486852192294e-01,1.064093847873070819e+00,5.956445360482132828e-02,-4.840581261529879747e-02,0.000000000000000000e+00
8.656865173202429320e-01,-8.285859222229494669e-01,5.005865097362779403e-01,-5.598619200248793337e-01,-2.218186183106105741e-02,1.228519481768053367e-03,-1.107709503932426953e+00,9.802454394695283568e-01,6.067661732680623005e-02,-5.010865696939720282e-02,0.000000000000000000e+00
8.781945373725282833e-01,-8.188414631683857969e-01,4.783036216976105370e-01,-5.740197367654330529e-01,-2.218186183106105741e-02,1.228519481768053367e-03,-1.446573114608491695e+00,7.392946356682128517e-01,6.110138508820316117e-02,-5.193129324872550190e-02,0.000000000000000000e+00
8.903776399398158903e-01,-8.122890263665323296e-01,4.552226469489448202e-01,-5.832551222617002873e-01,-2.218186183106105741e-02,1.228519481768053367e-03,-1.164344833691768777e+00,3.942336401685428426e-01,6.086907025719796860e-02,-5.350623801739811530e-02,0.000000000000000000e+00
9.000028914050282047e-01,-8.091639942840566091e-01,4.358839242993357566e-01,-5.875828710524765297e-01,-2.218186183106105741e-02,1.228519481768053367e-03,-9.964228125685107296e-01,1.404219850619189414e-01,6.024769570696010546e-02,-5.460827360826223109e-02,0.000000000000000000e+00
9.097633981333753672e-01,-8.092001536339428203e-01,4.151271605385675745e-01,-5.875330725659648756e-01,-2.218186183106105741e-02,1.228519481768053367e-03,-1.296338772504888714e+00,-1.456225498485158310e-01,5.900761242459254957e-02,-5.546389721738971545e-02,0.000000000000000000e+00
9.190552419340510815e-01,-8.105064708268936435e-01,3.941287381979940441e-01,-5.857296823174781286e-01,-2.218186183106105741e-02,1.228519481768053367e-03,-1.000936502963232000e+00,-7.728648836815550649e-02,5.754208586711366535e-02,-5.616947421263966678e-02,0.000000000000000000e+00
9.268015177529004278e-01,-8.098748596658010834e-01,3.755515233505520856e-01,-5.866026863911373290e-01,-2.218186183106105741e-02,1.228519481768053367e-03,-1.011814603110714472e+00,1.841680498544774336e-01,5.652960524275856685e-02,-5.693284142911814172e-02,0.000000000000000000e+00
9.332196005060371391e-01,-8.080800350790988684e-01,3.593065226674188040e-01,-5.890727093547640791e-01,-2.218186183106105741e-02,1.228519481768053367e-03,-7.358152077077446673e-01,1.213673336149519583e-01,5.583335021443124740e-02,-5.770701062306166085e-02,0.000000000000000000e+00
9.377065804535599236e-01,-8.066129590450948905e-01,3.474282213264939800e-01,-5.910799728467510672e-01,-2.218186183106105741e-02,1.228519481768053367e-03,-5.346158649810042185e-01,1.272376348844189431e-01,5.534154379893026221e-02,-5.828068921474286596e-02,0.000000000000000000e+00
9.400580207804578592e-01,-8.056559340473851138e-01,3.410145415760569287e-01,-5.923837573180373850e-01,-2.218186183106105741e-02,1.228519481768053367e-03,-1.497824957194451856e-01,3.480313827150378209e-02,5.509890365490046488e-02,-5.860484604628272282e-02,0.000000000000000000e+00
9.412842544096386987e-01,-8.033119909972062933e-01,3.376150950424027242e-01,-5.955584313231611082e-01,-2.218186183106105741e-02,1.228519481768053367e-03,-2.113970414389708952e-01,3.587391866810776264e-01,5.525188274086380996e-02,-5.896492174071939901e-02,0.000000000000000000e+00
9.417032554842127423e-01,-7.969314787947718859e-01,3.364446144767894165e-01,-6.040697129520549158e-01,-2.218186183106105741e-02,1.228519481768053367e-03,8.608364057163696292e-02,7.038488745959182724e-01,5.615591526644964082e-02,-5.965156251314844560e-02,0.000000000000000000e+00
9.416841072622444964e-01,-7.865060839523518865e-01,3.364982052399531631e-01,-6.175825288218053100e-01,-2.218186183106105741e-02,1.228519481768053367e-03,-7.983996284095186413e-02,1.001886131720720829e+00,5.773946231922779532e-02,-6.066341031357241897e-02,0.000000000000000000e+00
9.422006466336817487e-01,-7.753795512128239809e-01,3.350491627852126286e-01,-6.314954881556951172e-01,-2.218186183106105741e-02,1.228519481768053367e-03,-7.401474972901750382e-02,7.803643093659339280e-01,5.931409344833987046e-02,-6.175008698652172112e-02,0.000000000000000000e+00
9.423760522117823335e-01,-7.656718845983611077e-01,3.345554904910933991e-01,-6.432313465119637863e-01,-2.218186183106105741e-02,1.228519481768053367e-03,2.130623778236781854e-02,7.428288608721062003e-01,6.072048782831693248e-02,-6.262880505357798500e-02,0.000000000000000000e+00
9.418626161142942266e-01,-7.540816611711775863e-01,3.359982326833544919e-01,-6.567806698474898397e-01,-2.218186183106105741e-02,1.228519481768053367e-03,1.314640221165452871e-01,1.039230850708782405e+00,6.251591562988317863e-02,-6.354504720351794589e-02,0.000000000000000000e+00
9.406010462718126242e-01,-7.420567655678356189e-01,3.395138756404095237e-01,-6.703370470703542416e-01,-2.218186183106105741e-02,1.228519481768053367e-03,2.416835632498819386e-01,7.737863991675106856e-01,6.449907468882072614e-02,-6.434762152093348453e-02,0.000000000000000000e+00
9.401097706663776865e-01,-7.330751265542809758e-01,3.408718514304324154e-01,-6.801476742792148533e-01,-2.218186183106105741e-02,1.228519481768053367e-03,-9.614633338729566825e-02,5.570519773367578198e-01,6.588694972252959192e-02,-6.496411462005724502e-02,0.000000000000000000e+00
9.407677141308454782e-01,-7.236139780166532809e-01,3.390517778290269568e-01,-6.902049049513589996e-01,-2.218186183106105741e-02,1.228519481768053367e-03,-9.738424316265183178e-02,8.228743712065569316e-01,6.711740256216280898e-02,-6.573644739631601119e-02,0.000000000000000000e+00
9.410623029087364921e-01,-7.108313449346632673e-01,3.382332657266363674e-01,-7.033624947766108360e-01,-2.218186183106105741e-02,1.228519481768053367e-03,1.003478482756874936e-02,1.010966805591480000e+00,6.887402572087228392e-02,-6.666199758256960428e-02,0.000000000000000000e+00
9.403937600321968793e-01,-6.955586170194317797e-01,3.400876006156455245e-01,-7.184693523665539594e-01,-2.218186183106105741e-02,1.228519481768053367e-03,1.864935513670807898e-01,1.136848016544324436e+00,7.114792474407544143e-02,-6.756121712654915290e-02,0.000000000000000000e+00
9.401250213775323994e-01,-6.799402062483631548e-01,3.408297876945239890e-01,-7.332675609400250982e-01,-2.218186183106105741e-02,1.228519481768053367e-03,-1.065818608119277755e-01,1.015160770168930693e+00,7.337046704723848567e-02,-6.846727601576083067e-02,0.000000000000000000e+00
9.402671728658292816e-01,-6.673759308889084529e-01,3.404374298324152615e-01,-7.447209993481873624e-01,-2.218186183106105741e-02,1.228519481768053367e-03,6.428115594462849303e-02,6.860806796857977785e-01,7.507078560845820148e-02,-6.920288107168887093e-02,0.000000000000000000e+00
9.411435127647418408e-01,-6.564200873679695292e-01,3.380072312552533376e-01,-7.543955652705198744e-01,-2.218186183106105741e-02,1.228519481768053367e-03,-3.213335349505999639e-01,7.752363215628331750e-01,7.638890724708771729e-02,-6.993330908307768268e-02,0.000000000000000000e+00
9.436342810448635765e-01,-6.444364683807843885e-01,3.309899449181855080e-01,-7.646578569666974134e-01,-2.218186183106105741e-02,1.228519481768053367e-03,-4.229517210684406447e-01,8.024149771256761099e-01,7.749329694822953973e-02,-7.096402642321984755e-02,0.000000000000000000e+00
9.456741802933431584e-01,-6.291284924554446656e-01,3.251158943000380663e-01,-7.773013186536733565e-01,-2.218186183106105741e-02,1.228519481768053367e-03,-1.996115879638108992e-01,1.181778160626943741e+00,7.910291797824675619e-02,-7.207440411315924056e-02,0.000000000000000000e+00
9.474044964939185576e-01,-6.138551731254076049e-01,3.200386227052987587e-01,-7.894186635918710726e-01,-2.218186183106105741e-02,1.228519481768053367e-03,-3.363344037340845194e-01,7.692541057808308658e-01,8.074081628102813823e-02,-7.310386325472889579e-02,0.000000000000000000e+00
9.497287454272620444e-01,-6.009180699041034579e-01,3.130739690698651767e-01,-7.993106237644580503e-01,-2.218186183106105741e-02,1.228519481768053367e-03,-3.976870934078957087e-01,8.590209297783667486e-01,8.190347627709620992e-02,-7.411970291518538145e-02,0.000000000000000000e+00
9.514628079984754905e-01,-5.860830230281403042e-01,3.077637486703985181e-01,-8.102510043919700644e-01,-2.218186183106105741e-02,1.228519481768053367e-03,-1.617185780183664767e-01,9.838754749125372401e-01,8.341828053553665412e-02,-7.509505585777424830e-02,0.000000000000000000e+00
9.530059249931177590e-01,-5.716929688105725216e-01,3.029516577409868683e-01,-8.204676406858187887e-01,-2.218186183106105741e-02,1.228519481768053367e-03,-3.430229809978881939e-01,7.816255996603218570e-01,8.489347708963421169e-02,-7.599497777058353276e-02,0.000000000000000000e+00
9.556239057016426841e-01,-5.583417579216300997e-01,2.945894615418853668e-01,-8.296110422125442252e-01,-2.218186183106105741e-02,1.228519481768053367e-03,-5.325907040958286487e-01,8.364081008035527676e-01,8.593558174738935573e-02,-7.707006706849470201e-02,0.000000000000000000e+00
9.588137855966968326e-01,-5.431410908170366536e-01,2.840354283355008280e-01,-8.396414445857705022e-01,-2.218186183106105741e-02,1.228519481768053367e-03,-5.698466855566203249e-01,9.843030995701244068e-01,8.701202979385176672e-02,-7.835136880144868976e-02,0.000000000000000000e+00
9.629845974281060483e-01,-5.239819403469220260e-01,2.695564228806811014e-01,-8.517293737979656498e-01,-2.218186183106105741e-02,1.228519481768053367e-03,-9.357233949248155991e-01,1.280132079638744536e+00,8.823059580341539865e-02,-8.003168476156133360e-02,0.000000000000000000e+00
9.675864758223752249e-01,-4.993076112551861900e-01,2.525399212117482306e-01,-8.664247857388660545e-01,-2.218186183106105741e-02,1.228519481768053367e-03,-8.274389992961515006e-01,1.590825212209761030e+00,8.986552574425168971e-02,-8.206248135923228937e-02,0.000000000000000000e+00
9.714228509852825821e-01,-4.736175296778468158e-01,2.373555236004115943e-01,-8.807306260042589985e-01,-2.218186183106105741e-02,1.228519481768053367e-03,-7.390251087047144951e-01,1.350553003841053368e+00,9.171019607907943128e-02,-8.397055578337186965e-02,0.000000000000000000e+00
9.744851584226520425e-01,-4.506837045782445261e-01,2.244519458903814213e-01,-8.926837057029940459e-01,-2.218186183106105741e-02,1.228519481768053367e-03,-5.876869109138173064e-01,1.236087582571986143e+00,9.336017684603217792e-02,-8.560040684418385171e-02,0.000000000000000000e+00
9.771106277962204878e-01,-4.263024610287302063e-01,2.127318054444981288e-01,-9.045806828143346801e-01,-2.218186183106105741e-02,1.228519481768053367e-03,-6.132964135337420908e-01,1.476096623281120790e+00,9.524055188693769658e-02,-8.715729038286593178e-02,0.000000000000000000e+00
9.793468789698102084e-01,-3.992680130326735077e-01,2.021872662956099020e-01,-9.168342564329393651e-01,-2.218186183106105741e-02,1.228519481768053367e-03,-4.651090964592275445e-01,1.492142352488818435e+00,9.749502442099164390e-02,-8.865866241704428719e-02,0.000000000000000000e+00
9.817603502799402415e-01,-3.730832621495090429e-01,1.901226304736209349e-01,-9.277978656495609044e-01,-2.218186183106105741e-02,1.228519481768053367e-03,-7.642675213005719614e-01,1.347172042703569161e+00,9.947094587691024392e-02,-9.021491238010939662e-02,0.000000000000000000e+00
9.851854105536054229e-01,-3.471402011543003319e-01,1.714925853566968694e-01,-9.378132440643776047e-01,-2.218186183106105741e-02,1.228519481768053367e-03,-1.128772209614452349e+00,1.433547936876592654e+00,1.007718640669617582e-01,-9.225884234899836556e-02,0.000000000000000000e+00
9.891908544336871500e-01,-3.231793790840927216e-01,1.466337393124517441e-01,-9.463377245649781111e-01,-2.218186183106105741e-02,1.228519481768053367e-03,-1.388375523723757166e+00,1.110799088435687088e+00,1.011998801231126233e-01,-9.474982504520099158e-02,0.000000000000000000e+00
9.929535112186427259e-01,-2.995733904694182770e-01,1.185045339156638455e-01,-9.540732590963114657e-01,-2.218186183106105741e-02,1.228519481768053367e-03,-1.449490213413006545e+00,1.372504660576940871e+00,1.011930704230218359e-01,-9.749165538026430267e-02,0.000000000000000000e+00
9.956102976719150011e-01,-2.772001938223568329e-01,9.359559375120560243e-02,-9.608121838032903650e-01,-2.218186183106105741e-02,1.228519481768053367e-03,-1.056906892122800423e+00,9.655106100332063734e-01,1.012767994304898528e-01,-9.994843933956788773e-02,0.000000000000000000e+00
9.976084778664622288e-01,-2.558185734880399909e-01,6.911819506439922933e-02,-9.667248095805467401e-01,-2.218186183106105741e-02,1.228519481768053367e-03,-1.397900092946669615e+00,1.251987586765918703e+00,1.012199891694284815e-01,-1.023469664719673378e-01,0.000000000000000000e+00
9.990585309480612963e-01,-2.346079214641559052e-01,4.338262025168224817e-02,-9.720900797694976836e-01,-2.218186183106105741e-02,1.228519481768053367e-03,-1.180535394734105514e+00,9.369762617462540355e-01,1.009440875288842576e-01,-1.048391643151233704e-01,0.000000000000000000e+00
9.997740035353829269e-01,-2.191646369140566597e-01,2.125892412217100791e-02,-9.756878916571271043e-01,-2.218186183106105741e-02,1.228519481768053367e-03,-1.033526172385824893e+00,6.496812970770581286e-01,1.003382932727203414e-01,-1.069166267772888590e-01,0.000000000000000000e+00
9.999992224343923208e-01,-2.085770493632970735e-01,-1.247048760337377861e-03,-9.780059378546229754e-01,-2.218186183106105741e-02,1.228519481768053367e-03,-1.216621268687321455e+00,4.348775722563812951e-01,9.910434744725318823e-02,-1.089051440516360797e-01,0.000000000000000000e+00
9.997407381796721282e-01,-2.039432472782251871e-01,-2.276963820450962281e-02,-9.789827127634137538e-01,-2.218186183106105741e-02,1.228519481768053367e-03,-9.367674951499979086e-01,4.000172392512984371e-02,9.727602445437452672e-02,-1.106549828996528373e-01,0.000000000000000000e+00
9.992721925640122294e-01,-2.002567283224329919e-01,-3.814557862074825778e-02,-9.797434576263295281e-01,-2.218186183106105741e-02,1.228519481768053367e-03,-6.026682576087863952e-01,3.354330120712356589e-01,9.598556946499481324e-02,-1.118962114698583005e-01,0.000000000000000000e+00
9.986228841491738839e-01,-1.907377123328820034e-01,-5.246270345288747694e-02,-9.816410367817854921e-01,-2.218186183106105741e-02,1.228519481768053367e-03,-8.297711107767811178e-01,6.342063808958723348e-01,9.542691868251484966e-02,-1.132057714907524493e-01,0.000000000000000000e+00
9.975760600067894446e-01,-1.778917715937128052e-01,-6.958451337280768811e-02,-9.840500584824179997e-01,-2.218186183106105741e-02,1.228519481768053367e-03,-8.854424858119861463e-01,6.726621274625782521e-01,9.488660327594397592e-02,-1.148084389781701964e-01,0.000000000000000000e+00
9.965016459283121408e-01,-1.665007299102699012e-01,-8.357313959738940645e-02,-9.860413312530805774e-01,-2.218186183106105741e-02,1.228519481768053367e-03,-5.187737844637089202e-01,4.843495040621492165e-01,9.451620362946913656e-02,-1.161404163063249478e-01,0.000000000000000000e+00
9.953729869367207161e-01,-1.567914729501770910e-01,-9.608650725607013887e-02,-9.876317299530801286e-01,-2.218186183106105741e-02,1.228519481768053367e-03,-7.369239503965260285e-01,4.994692769386903652e-01,9.411321101836957193e-02,-1.173167067742942327e-01,0.000000000000000000e+00
9.935766940714553241e-01,-1.431081339673021813e-01,-1.131607396495697415e-01,-9.897070586756450128e-01,-2.218186183106105741e-02,1.228519481768053367e-03,-9.791358786595205643e-01,8.832455596878854287e-01,9.357914189369109792e-02,-1.189315970806058415e-01,0.000000000000000000e+00
9.910111003108371674e-01,-1.235704564575056119e-01,-1.337796660957999428e-01,-9.923358011736166384e-01,-2.218186183106105741e-02,1.228519481768053367e-03,-1.098297292126829028e+00,1.087478871106857259e+00,9.320939562637642339e-02,-1.209637304247942469e-01,0.000000000000000000e+00
9.873162656608587273e-01,-1.023383841984189802e-01,-1.587658387736375076e-01,-9.947496444430914408e-01,-2.218186183106105741e-02,1.228519481768053367e-03,-1.426463890740434781e+00,1.049573314877323416e+00,9.242668579658883110e-02,-1.233523244785769551e-01,0.000000000000000000e+00
9.829634920032476186e-01,-8.213810015743303050e-02,-1.838009069313350508e-01,-9.966209572864337396e-01,-2.218186183106105741e-02,1.228519481768053367e-03,-1.115705874854450164e+00,9.793723957613746922e-01,9.144703525327163574e-02,-1.257086543378089782e-01,0.000000000000000000e+00
9.788858276438663353e-01,-6.441794462037443714e-02,-2.044077700039380052e-01,-9.979230072560139053e-01,-2.218186183106105741e-02,1.228519481768053367e-03,-9.854102620843148141e-01,7.980478098915700924e-01,9.069594278448588065e-02,-1.276747238137090346e-01,0.000000000000000000e+00
9.754621180478760811e-01,-5.195313170737669156e-02,-2.201673369361394628e-01,-9.986495241604013140e-01,-2.218186183106105741e-02,1.228519481768053367e-03,-6.285142323040752155e-01,4.517109118050670058e-01,8.996772097538369151e-02,-1.291431013264905392e-01,0.000000000000000000e+00
9.728686541550319866e-01,-3.993049152735796137e-02,-2.313581244792947134e-01,-9.992024598880767661e-01,-2.218186183106105741e-02,1.228519481768053367e-03,-5.205892426545638552e-01,7.508342322452247197e-01,8.976625591726783426e-02,-1.302783212292522030e-01,0.000000000000000000e+00
9.699117612597907279e-01,-2.458722367717657703e-02,-2.434567217595986766e-01,-9.996976885198086693e-01,-2.218186183106105741e-02,1.228519481768053367e-03,-7.242089614490915261e-01,7.841956390519226883e-01,8.977777277789200649e-02,-1.315737182268654770e-01,0.000000000000000000e+00
9.660011330709962207e-01,-1.254984191597304476e-02,-2.585378326387677284e-01,-9.999212476329744081e-01,-2.218186183106105741e-02,1.228519481768053367e-03,-8.334317493857754666e-01,4.209680378549953139e-01,8.901172670802673381e-02,-1.329771668937380913e-01,0.000000000000000000e+00
9.607627919478096690e-01,-3.173825602243663703e-03,-2.773713352324816417e-01,-9.999949634028396650e-01,-2.218186183106105741e-02,1.228519481768053367e-03,-1.120485510849659638e+00,5.163484795268111771e-01,8.741214364325133879e-02,-1.345521010279218110e-01,0.000000000000000000e+00
9.537411098398547171e-01,3.473054525937240965e-03,-3.006291659194798016e-01,-9.999939689279430111e-01,-2.218186183106105741e-02,1.228519481768053367e-03,-1.308415096152627299e+00,1.495634327972725774e-01,8.485159491949846589e-02,-1.363171775756160664e-01,0.000000000000000000e+00
9.451537677176026220e-01,2.568024428509568021e-03,-3.266257114331632128e-01,-9.999967026198309794e-01,-2.218186183106105741e-02,1.228519481768053367e-03,-1.429084055058325031e+00,-2.387724719671884543e-01,8.103575644717608828e-02,-1.379499567156206030e-01,0.000000000000000000e+00
9.368175158550421378e-01,1.187374797895426317e-03,-3.498184414624075367e-01,-9.999992950702961680e-01,-2.218186183106105741e-02,1.228519481768053367e-03,-1.036824132246787933e+00,9.957915459893719456e-02,7.750559829804426482e-02,-1.393059443305780520e-01,0.000000000000000000e+00
9.304795658970719252e-01,1.419240231146022459e-03,-3.663437967920251670e-01,-9.999989928780760318e-01,-2.218186183106105741e-02,1.228519481768053367e-03,-7.341143454980566529e-01,-7.580829568422761677e-02,7.507720348887272910e-02,-1.402728371089896342e-01,0.000000000000000000e+00
9.244470665063557746e-01,1.087356766487704974e-04,-3.813104001044207436e-01,-9.999999940882763338e-01,-2.218186183106105741e-02,1.228519481768053367e-03,-8.790815217475930199e-01,-5.531043997367857123e-02,7.269355806454529112e-02,-1.410532627958862584e-01,0.000000000000000000e+00
9.184749861502060631e-01,9.111061455217146473e-04,-3.954790763319581126e-01,-9.999995849427096850e-01,-2.218186183106105741e-02,1.228519481768053367e-03,-6.592517749978921149e-01,1.349134080908101219e-01,7.061852139900759440e-02,-1.418482791924652320e-01,0.000000000000000000e+00
9.140784625576485745e-01,5.752660492426404058e-03,-4.055373771777952552e-01,-9.999834533117329949e-01,-2.218186183106105741e-02,1.228519481768053367e-03,-4.392062887368699542e-01,3.485331629808762766e-01,6.955953655070154507e-02,-1.425858496472516279e-01,0.000000000000000000e+00
9.102209878261301457e-01,1.382339651314831719e-02,-4.141228722502825477e-01,-9.999044522897376774e-01,-2.218186183106105741e-02,1.228519481768053367e-03,-5.018155724987106714e-01,4.582157776068864763e-01,6.903884622459779963e-02,-1.433852204703264244e-01,0.000000000000000000e+00
9.062837691567059428e-01,2.220210061525875953e-02,-4.226697644297667811e-01,-9.997535029837454346e-01,-2.218186183106105741e-02,1.228519481768053367e-03,-4.394115817193917084e-01,3.800535153243867481e-01,6.854137518674061069e-02,-1.441944207721342630e-01,0.000000000000000000e+00
9.019757559633602151e-01,3.288221028513920591e-02,-4.317866784122976753e-01,-9.994592339093996136e-01,-2.218186183106105741e-02,1.228519481768053367e-03,-5.685130281065575719e-01,6.873438119264322355e-01,6.817102073856384781e-02,-1.451325764183004075e-01,0.000000000000000000e+00
8.961954970847039181e-01,5.029861599447467413e-02,-4.436593637072256402e-01,-9.987342235194708318e-01,-2.218186183106105741e-02,1.228519481768053367e-03,-7.513871681797885671e-01,1.054603422898424459e+00,6.801912396882703327e-02,-1.465057756927138910e-01,0.000000000000000000e+00
8.905281356069801868e-01,6.870116645850064818e-02,-4.549281698162425114e-01,-9.976372836493438978e-01,-2.218186183106105741e-02,1.228519481768053367e-03,-5.107913388849464331e-01,7.898263436334042042e-01,6.804061175186432164e-02,-1.478860288067507800e-01,0.000000000000000000e+00
8.871428784166135451e-01,8.402537003959904827e-02,-4.614948680913858459e-01,-9.964636155874977419e-01,-2.218186183106105741e-02,1.228519481768053367e-03,-2.289426454031491531e-01,7.472388825177251892e-01,6.851075652206714550e-02,-1.488841850115781018e-01,0.000000000000000000e+00
8.851880899117410273e-01,1.004927134361143365e-01,-4.652333236972643893e-01,-9.949377943098990373e-01,-2.218186183106105741e-02,1.228519481768053367e-03,-1.930453122550804534e-01,9.060388825150180736e-01,6.956902161453962230e-02,-1.497723925647637400e-01,0.000000000000000000e+00
8.849700377546921848e-01,1.175279563142823946e-01,-4.656479703343058829e-01,-9.930695743423962885e-01,-2.218186183106105741e-02,1.228519481768053367e-03,1.450698326807105532e-01,8.080465344141547490e-01,7.125336414482551228e-02,-1.504853841927785707e-01,0.000000000000000000e+00
8.868615738620260203e-01,1.350118588303501899e-01,-4.620352246387390838e-01,-9.908439826608291812e-01,-2.218186183106105741e-02,1.228519481768053367e-03,2.623363395553616750e-01,9.539884611609544818e-01,7.368040322767813177e-02,-1.509554302572945761e-01,0.000000000000000000e+00
8.883203357751007223e-01,1.544210803789416997e-01,-4.592243254101555094e-01,-9.880051264718217041e-01,-2.218186183106105741e-02,1.228519481768053367e-03,5.504293581986378914e-02,1.007438122898176580e+00,7.619453629384970172e-02,-1.514945831840894264e-01,0.000000000000000000e+00
8.900399836992164415e-01,1.704617355698034853e-01,-4.558824710566294902e-01,-9.853642964439752738e-01,-2.218186183106105741e-02,1.228519481768053367e-03,3.199097767720677776e-01,6.195313117131110436e-01,7.846168333939440576e-02,-1.518365374697257519e-01,0.000000000000000000e+00
8.945357700117962940e-01,1.811709116180368340e-01,-4.469963715394149606e-01,-9.834516260515763220e-01,-2.218186183106105741e-02,1.228519481768053367e-03,6.747777418985871911e-01,4.688404160547092192e-01,8.110638297474666303e-02,-1.516069571789661619e-01,0.000000000000000000e+00
9.014523549234942923e-01,1.940608261777528321e-01,-4.328783337184786140e-01,-9.809894982838541777e-01,-2.218186183106105741e-02,1.228519481768053367e-03,8.966248164286138023e-01,8.422205254796178986e-01,8.485841542621416767e-02,-1.510315704434072037e-01,0.000000000000000000e+00
9.095070416376072053e-01,2.093700895148407348e-01,-4.156885146496205330e-01,-9.778364718175260872e-01,-2.218186183106105741e-02,1.228519481768053367e-03,1.001390537881660325e+00,7.212569699547572988e-01,8.936685493736785946e-02,-1.501994212366694059e-01,0.000000000000000000e+00
9.185019558017344377e-01,2.253617897715066709e-01,-3.954164351520922382e-01,-9.742751478463275161e-01,-2.218186183106105741e-02,1.228519481768053367e-03,1.215744475888773657e+00,9.164564049408807644e-01,9.442442855283329772e-02,-1.490086041427804708e-01,0.000000000000000000e+00
9.271543497164215220e-01,2.403515669362261964e-01,-3.746796122047735822e-01,-9.706859040242115100e-01,-2.218186183106105741e-02,1.228519481768053367e-03,1.031869298394211709e+00,6.258772821905171924e-01,9.940368815859508544e-02,-1.475997939250902613e-01,0.000000000000000000e+00
9.344306028059181646e-01,2.504200434557579125e-01,-3.561452632561164511e-01,-9.681372846015261491e-01,-2.218186183106105741e-02,1.228519481768053367e-03,9.595502263915626218e-01,4.134385446744542336e-01,1.034373541189878010e-01,-1.461657640710360417e-01,0.000000000000000000e+00
9.403854976922334519e-01,2.603340717292348949e-01,-3.401104463701907221e-01,-9.655186021495792970e-01,-2.218186183106105741e-02,1.228519481768053367e-03,7.516487412162566883e-01,6.113107255049511357e-01,1.070279021927217633e-01,-1.448547058364628437e-01,0.000000000000000000e+00
9.445410440062926849e-01,2.742008608050977569e-01,-3.283933863333771130e-01,-9.616724431602183820e-01,-2.218186183106105741e-02,1.228519481768053367e-03,4.924365978092476448e-01,8.270126648048381490e-01,1.103866024559441578e-01,-1.438900894813276987e-01,0.000000000000000000e+00
9.480506320154450384e-01,2.916249873958340899e-01,-3.181194730523662084e-01,-9.565327316544790515e-01,-2.218186183106105741e-02,1.228519481768053367e-03,5.929153423231976472e-01,9.891087002340620549e-01,1.139269828808233825e-01,-1.429979386372802475e-01,0.000000000000000000e+00
9.523289486291814931e-01,3.110878251095335889e-01,-3.050730627289761632e-01,-9.503811683049177006e-01,-2.218186183106105741e-02,1.228519481768053367e-03,7.794731221364946672e-01,1.051903057976146361e+00,1.181100652559485542e-01,-1.417337024778135002e-01,0.000000000000000000e+00
9.575252841500472289e-01,3.335922950306620116e-01,-2.883493197726869073e-01,-9.427174447819324232e-01,-2.218186183106105741e-02,1.228519481768053367e-03,9.711532383332881491e-01,1.324603838614795137e+00,1.231691768929780856e-01,-1.399388976622513714e-01,0.000000000000000000e+00
9.627891173793321489e-01,3.597489824438976358e-01,-2.702537982266421390e-01,-9.330491249824846012e-01,-2.218186183106105741e-02,1.228519481768053367e-03,9.136239153023449910e-01,1.463658358100202728e+00,1.288229995160591612e-01,-1.377647176661833395e-01,0.000000000000000000e+00
9.667367827137940406e-01,3.852156702818321787e-01,-2.557733233708755494e-01,-9.228265749149829889e-01,-2.218186183106105741e-02,1.228519481768053367e-03,5.883690026230384840e-01,1.281216070185983158e+00,1.338562578541157011e-01,-1.357780996332786372e-01,0.000000000000000000e+00
9.688188045279373384e-01,4.073928941695967865e-01,-2.477703049056896312e-01,-9.132529933047686121e-01,-2.218186183106105741e-02,1.228519481768053367e-03,2.397367834289166610e-01,1.134868878989017116e+00,1.375894248823553989e-01,-1.344341889092522668e-01,0.000000000000000000e+00
9.700270763616698488e-01,4.247205784032348497e-01,-2.429968541467793508e-01,-9.053244889435067000e-01,-2.218186183106105741e-02,1.228519481768053367e-03,2.526210421395150840e-01,7.719136639064271277e-01,1.403046668564151001e-01,-1.334816325777398172e-01,0.000000000000000000e+00
9.703892022606317447e-01,4.405575112424723327e-01,-2.415466748601080016e-01,-8.977243893800808117e-01,-2.218186183106105741e-02,1.228519481768053367e-03,-1.019685839682307332e-01,9.840178226510694071e-01,1.423945721835129796e-01,-1.329143272791953323e-01,0.000000000000000000e+00
9.690586131337024511e-01,4.579553606609338412e-01,-2.468307199507086824e-01,-8.889751895536308623e-01,-2.218186183106105741e-02,1.228519481768053367e-03,-4.417994429501329590e-01,9.634737063803122670e-01,1.437674320826746732e-01,-1.331071330793065222e-01,0.000000000000000000e+00
9.668640355456186164e-01,4.735549753764809466e-01,-2.552918658485630043e-01,-8.807642620452879045e-01,-2.218186183106105741e-02,1.228519481768053367e-03,-4.323467014051758928e-01,7.999534384831393785e-01,1.444995788799375847e-01,-1.337298357757599754e-01,0.000000000000000000e+00
9.647071557263399155e-01,4.888715561714421232e-01,-2.633250912662813970e-01,-8.723557769433939457e-01,-2.218186183106105741e-02,1.228519481768053367e-03,-3.995393148943624517e-01,9.468635478837248431e-01,1.452620131019700667e-01,-1.342940627097261863e-01,0.000000000000000000e+00
9.622886479490537770e-01,5.047792542188638265e-01,-2.720304358493401131e-01,-8.632484604737199474e-01,-2.218186183106105741e-02,1.228519481768053367e-03,-5.036222957889150420e-01,8.863886965513315674e-01,1.460112958647233339e-01,-1.349125487024731840e-01,0.000000000000000000e+00
9.595024537539258436e-01,5.186827340153904453e-01,-2.817002684418232761e-01,-8.549667955156619037e-01,-2.218186183106105741e-02,1.228519481768053367e-03,-5.027077232796011153e-01,7.324519878356442470e-01,1.463838030265327550e-01,-1.357086669899748299e-01,0.000000000000000000e+00
9.565188388797395413e-01,5.322404529915821803e-01,-2.916705519385783263e-01,-8.465932318411927282e-01,-2.218186183106105741e-02,1.228519481768053367e-03,-5.378934604057681312e-01,8.606504525369932379e-01,1.466725962178013487e-01,-1.365479084148200628e-01,0.000000000000000000e+00
9.538818466914565919e-01,5.466231562601184812e-01,-3.001823155225779582e-01,-8.373787225862776573e-01,-2.218186183106105741e-02,1.228519481768053367e-03,-3.538112700002722932e-01,8.475396697759182141e-01,1.472751859647095651e-01,-1.371600121750635448e-01,0.000000000000000000e+00
9.514449121043166979e-01,5.589601715935544890e-01,-3.078190689850274220e-01,-8.291945046682980269e-01,-2.218186183106105741e-02,1.228519481768053367e-03,-4.474937099341521063e-01,6.336708907697905513e-01,1.477500736088225575e-01,-1.377194140501290798e-01,0.000000000000000000e+00
9.475637478399283609e-01,5.684125570301098440e-01,-3.195668064420154608e-01,-8.227436812340110928e-01,-2.218186183106105741e-02,1.228519481768053367e-03,-7.886036634795107192e-01,5.111244760113045071e-01,1.472638992623913068e-01,-1.389222718982932314e-01,0.000000000000000000e+00
