9.970322808488635280e-01,9.990211830983628527e-01,7.698461499100293925e-02,-4.423432740245130529e-02,8.642985184142611133e-02,1.661520481962030227e-01,2.965226682406464920e-01,-1.648394077741865971e-01,1.232141780053244012e-01,-1.548450827808467989e-01,0.000000000000000000e+00
9.962447739122133328e-01,9.988955630312252865e-01,8.658146714281889089e-02,-4.698568033487823120e-02,8.642985184142611133e-02,1.661520481962030227e-01,6.651646348496121908e-01,-1.107623137399420810e-01,1.231080296968436322e-01,-1.531298228189209854e-01,0.000000000000000000e+00
9.946146421837185336e-01,9.989702300900237253e-01,1.036422382706657097e-01,-4.537046830136343134e-02,8.642985184142611133e-02,1.661520481962030227e-01,1.047431327131406187e+00,2.711836390914251771e-01,1.228438481119081133e-01,-1.493633027295294957e-01,0.000000000000000000e+00
9.917505115429653406e-01,9.993504498497136623e-01,1.281831613522874391e-01,-3.603718059414473540e-02,8.642985184142611133e-02,1.661520481962030227e-01,1.422133602478791836e+00,6.616219687730462429e-01,1.222750766650982784e-01,-1.431746371519083683e-01,0.000000000000000000e+00
9.877153355818206748e-01,9.998104699190033529e-01,1.562639301198178177e-01,-1.946854489533675348e-02,8.642985184142611133e-02,1.661520481962030227e-01,1.414907300059393247e+00,9.947886765627690364e-01,1.213044419602923724e-01,-1.354552581449585680e-01,0.000000000000000000e+00
9.829333171832954630e-01,9.999999693571831605e-01,1.839622079967598578e-01,2.475593517415047981e-04,8.642985184142611133e-02,1.661520481962030227e-01,1.396052730447278512e+00,9.770039704004414016e-01,1.199811273241769144e-01,-1.274931940312148404e-01,0.000000000000000000e+00
9.782749188467628754e-01,9.997526733777657437e-01,2.073118017753922404e-01,2.223942611693354582e-02,8.642985184142611133e-02,1.661520481962030227e-01,9.863430418815317680e-01,1.221550495606691822e+00,1.184740588262429423e-01,-1.202287784010940414e-01,0.000000000000000000e+00
9.740390697614604854e-01,9.987300649373005434e-01,2.263799694721878031e-01,5.038112136838110433e-02,8.642985184142611133e-02,1.661520481962030227e-01,9.670512312578202208e-01,1.593330355211860283e+00,1.167277488709540373e-01,-1.132459764589207191e-01,0.000000000000000000e+00
9.698827956319771015e-01,9.963106330168248759e-01,2.435720894049655527e-01,8.582029210864815238e-02,8.642985184142611133e-02,1.661520481962030227e-01,8.022597628364145361e-01,1.957807684074784449e+00,1.145525634472168014e-01,-1.059448596493134248e-01,0.000000000000000000e+00
9.666779088089337835e-01,9.917337779792005925e-01,2.559957433645853042e-01,1.283125621874240674e-01,8.642985184142611133e-02,1.661520481962030227e-01,4.818538588553872848e-01,2.315130970434357227e+00,1.120802743106772276e-01,-9.898154011970315691e-02,0.000000000000000000e+00
9.652367190144094389e-01,9.841138977275987187e-01,2.613772680748995825e-01,1.775382671408991253e-01,8.642985184142611133e-02,1.661520481962030227e-01,7.661282824233624222e-02,2.665413374002612024e+00,1.094785892493497087e-01,-9.286907479523176523e-02,0.000000000000000000e+00
9.648649978694502360e-01,9.724593557879571692e-01,2.627461434281879171e-01,2.330725237784823656e-01,8.642985184142611133e-02,1.661520481962030227e-01,6.527104399380478927e-02,3.008604822986363558e+00,1.065325596193873320e-01,-8.703428180859304475e-02,0.000000000000000000e+00
9.637441266659584338e-01,9.556956905072490072e-01,2.668281437870993478e-01,2.943564966938432836e-01,8.642985184142611133e-02,1.661520481962030227e-01,3.570694082564922489e-01,3.344883151145169542e+00,1.026201350469100465e-01,-8.021360067950704387e-02,0.000000000000000000e+00
9.607400979274716146e-01,9.326933292012704602e-01,2.774499310403811259e-01,3.606704224960102789e-01,8.642985184142611133e-02,1.661520481962030227e-01,7.454876962801298967e-01,3.674467402411821126e+00,9.720527121222642675e-02,-7.182598729394659709e-02,0.000000000000000000e+00
9.553748917426182485e-01,9.037021710164464539e-01,2.953960328572142746e-01,4.281616354837988747e-01,8.642985184142611133e-02,1.661520481962030227e-01,1.126367890775533454e+00,3.672633220435407075e+00,9.016648455222829595e-02,-6.225218460207117277e-02,0.000000000000000000e+00
9.476149013923529374e-01,8.694372006050034019e-01,3.194150883398610419e-01,4.940434740021722448e-01,8.642985184142611133e-02,1.661520481962030227e-01,1.396949518389442035e+00,3.754771949466390701e+00,8.160133284303965062e-02,-5.216457906195859362e-02,0.000000000000000000e+00
9.374604543493989528e-01,8.281683633028668057e-01,3.480917932543346471e-01,5.604794037466950263e-01,8.642985184142611133e-02,1.661520481962030227e-01,1.644496215791648064e+00,4.067210906880903920e+00,7.125688760588026749e-02,-4.183546716008015864e-02,0.000000000000000000e+00
9.255009382926863148e-01,7.801415491937785385e-01,3.787453144520171455e-01,6.256030396517677783e-01,8.642985184142611133e-02,1.661520481962030227e-01,1.646040883634131813e+00,4.026895529073501123e+00,5.947875318429952929e-02,-3.208568126968994183e-02,0.000000000000000000e+00
9.137360734384801786e-01,7.251004937933231975e-01,4.063082427138641206e-01,6.886430671259813341e-01,8.642985184142611133e-02,1.661520481962030227e-01,1.351929208787684855e+00,4.343222868818139126e+00,4.704611843410337613e-02,-2.389736005451839618e-02,0.000000000000000000e+00
9.042349416472350576e-01,6.619225621922100178e-01,4.270353267637483907e-01,7.495722257800777610e-01,8.642985184142611133e-02,1.661520481962030227e-01,9.296201075683032666e-01,4.436422364877823377e+00,3.462178774035475082e-02,-1.779840523956605081e-02,0.000000000000000000e+00
8.979750819384209048e-01,5.913687269819872805e-01,4.400463069015421724e-01,8.064012827046493914e-01,8.642985184142611133e-02,1.661520481962030227e-01,5.156237353658373879e-01,4.625509333025506820e+00,2.274733099287735982e-02,-1.386787694532173876e-02,0.000000000000000000e+00
8.942105830468662919e-01,5.156224128777840976e-01,4.476465493745969693e-01,8.568159238355061991e-01,8.642985184142611133e-02,1.661520481962030227e-01,3.331297594002645690e-01,4.477104439345334086e+00,1.151869696297848356e-02,-1.171836283840568815e-02,0.000000000000000000e+00
8.904684520913550561e-01,4.363736086786053070e-01,4.550449822050849913e-01,8.997655659386012417e-01,8.642985184142611133e-02,1.661520481962030227e-01,4.954334596285062120e-01,4.539645058230411756e+00,3.228708590986562044e-04,-1.067153602593282069e-02,0.000000000000000000e+00
8.858345165081309425e-01,3.547291678344446919e-01,4.640013031908485908e-01,9.349690997500839096e-01,8.642985184142611133e-02,1.661520481962030227e-01,5.129213023532732674e-01,4.354966519415186532e+00,-1.100198240959592011e-02,-1.054143705405166664e-02,0.000000000000000000e+00
8.805860076928335722e-01,2.730760237077726194e-01,4.738863609090229745e-01,9.619924559350515603e-01,8.642985184142611133e-02,1.661520481962030227e-01,6.059766305043332579e-01,4.248911187912954190e+00,-2.206613827309060472e-02,-1.134579673115299059e-02,0.000000000000000000e+00
8.752287463941937906e-01,1.940415534603795733e-01,4.837092530490273434e-01,9.809933106452268792e-01,8.642985184142611133e-02,1.661520481962030227e-01,5.132145041319342571e-01,3.883187671136922425e+00,-3.242252368349021752e-02,-1.301129710902060310e-02,0.000000000000000000e+00
8.696243985643374863e-01,1.195551837263474082e-01,4.937138902457721690e-01,9.928275570531668315e-01,8.642985184142611133e-02,1.661520481962030227e-01,6.331326128345140525e-01,3.661401659607120607e+00,-4.194994200907476573e-02,-1.531527756940206930e-02,0.000000000000000000e+00
8.614989095950694731e-01,5.100144217561930482e-02,5.077594201652061434e-01,9.986985796004753668e-01,8.642985184142611133e-02,1.661520481962030227e-01,9.883551507430019534e-01,3.221890030979467578e+00,-5.122762162647601786e-02,-1.788609031389848392e-02,0.000000000000000000e+00
8.493070458215484786e-01,-8.800606628703600345e-03,5.278991777961716814e-01,9.999612739116284787e-01,8.642985184142611133e-02,1.661520481962030227e-01,1.364699252326707191e+00,2.762072691607508901e+00,-6.038794324359711418e-02,-2.045316937825453207e-02,0.000000000000000000e+00
8.347003987060758190e-01,-5.948557828426399158e-02,5.507043166708593951e-01,9.982291650599007804e-01,8.642985184142611133e-02,1.661520481962030227e-01,1.343638275573303842e+00,2.311428772124864306e+00,-6.889198208052146888e-02,-2.303077455637844717e-02,0.000000000000000000e+00
8.184356640387436821e-01,-1.014604632554021169e-01,5.745981759712266435e-01,9.948395721904106370e-01,8.642985184142611133e-02,1.661520481962030227e-01,1.546214981957200862e+00,1.901401187061631637e+00,-7.660021383472120915e-02,-2.554191181357026719e-02,0.000000000000000000e+00
7.985244460803146982e-01,-1.359436582242670166e-01,6.019623817250763231e-01,9.907165698566889889e-01,8.642985184142611133e-02,1.661520481962030227e-01,1.837140267155651818e+00,1.572748950870562323e+00,-8.411947460128486875e-02,-2.793529200700925474e-02,0.000000000000000000e+00
7.735919280841678791e-01,-1.628070712733682424e-01,6.336840922754962691e-01,9.866579232659049570e-01,8.642985184142611133e-02,1.661520481962030227e-01,2.196655518692473663e+00,1.145585951619002119e+00,-9.169990736540503673e-02,-3.017251980554247481e-02,0.000000000000000000e+00
7.426516100909638096e-01,-1.812385291794552933e-01,6.696779718859648955e-01,9.834391671785640554e-01,8.642985184142611133e-02,1.661520481962030227e-01,2.549047701374560493e+00,7.268758783227038389e-01,-9.941491995652176894e-02,-3.219644936315604888e-02,0.000000000000000000e+00
7.057985856764195098e-01,-1.914756752610794477e-01,7.084125609114831912e-01,9.814973590302287221e-01,8.642985184142611133e-02,1.661520481962030227e-01,2.797267602939808029e+00,3.164640970057532865e-01,-1.071992759814097002e-01,-3.403040317472352805e-02,0.000000000000000000e+00
6.654791024915004405e-01,-1.968788844093252999e-01,7.464164816957803428e-01,9.804278172684307568e-01,8.642985184142611133e-02,1.661520481962030227e-01,2.744338061307611376e+00,2.346143312412419801e-01,-1.147928786078073610e-01,-3.590537507472327250e-02,0.000000000000000000e+00
6.232996086300537364e-01,-2.029525496178262722e-01,7.819831186679299107e-01,9.791885735667179569e-01,8.642985184142611133e-02,1.661520481962030227e-01,2.773597427477145771e+00,3.847662564256709161e-01,-1.222428539335603803e-01,-3.827520770387460303e-02,0.000000000000000000e+00
5.780654283565987983e-01,-2.124831088785492927e-01,8.159904169406047014e-01,9.771647396633316163e-01,8.642985184142611133e-02,1.661520481962030227e-01,2.885961102265092393e+00,5.888642910034300737e-01,-1.298436960707813892e-01,-4.148999256766905397e-02,0.000000000000000000e+00
5.271462253310289503e-01,-2.268850040919734856e-01,8.497745919473281839e-01,9.739215548072571726e-01,8.642985184142611133e-02,1.661520481962030227e-01,3.224622028694169806e+00,8.864111510439850461e-01,-1.379087054940900670e-01,-4.590861070191992743e-02,0.000000000000000000e+00
4.683440183886850017e-01,-2.473863132122423869e-01,8.835461959849858493e-01,9.689169273138199534e-01,8.642985184142611133e-02,1.661520481962030227e-01,3.556593683167304398e+00,1.222837259325721515e+00,-1.465091795293053945e-01,-5.192418140653894121e-02,0.000000000000000000e+00
4.013758783717923939e-01,-2.729825095610513008e-01,9.159134261824488643e-01,9.620189964204192146e-01,8.642985184142611133e-02,1.661520481962030227e-01,3.882030654322465857e+00,1.427494110084271517e+00,-1.552685244742117443e-01,-5.958920238200368646e-02,0.000000000000000000e+00
3.261019013001431044e-01,-3.015467377601913634e-01,9.453346232781446590e-01,9.534513962159719691e-01,8.642985184142611133e-02,1.661520481962030227e-01,4.201052077939896989e+00,1.554337435468294837e+00,-1.637827443933991267e-01,-6.877385270564390085e-02,0.000000000000000000e+00
2.425742151513738676e-01,-3.320986721643799378e-01,9.701328518010793323e-01,9.432446511624943408e-01,8.642985184142611133e-02,1.661520481962030227e-01,4.513775855504768231e+00,1.666603705769937438e+00,-1.716917537035461128e-01,-7.940963012989010750e-02,0.000000000000000000e+00
1.510865715599806758e-01,-3.658051226446640269e-01,9.885205348874908093e-01,9.306914699549589942e-01,8.642985184142611133e-02,1.661520481962030227e-01,4.820314143541915008e+00,1.929526740862299361e+00,-1.786014721121367554e-01,-9.160875680226944484e-02,0.000000000000000000e+00
5.587517517170745990e-02,-4.047238890489677776e-01,9.984377621061469865e-01,9.144389392589746812e-01,8.642985184142611133e-02,1.661520481962030227e-01,4.756210798475589918e+00,2.287194684075415374e+00,-1.837610915605161488e-01,-1.051378340660129584e-01,0.000000000000000000e+00
-4.172846708614595668e-02,-4.480612009484062352e-01,9.991289881865306199e-01,8.940028860158517610e-01,8.642985184142611133e-02,1.661520481962030227e-01,5.007443592876025917e+00,2.503944210289149819e+00,-1.868007003771081642e-01,-1.195863503899884106e-01,0.000000000000000000e+00
-1.443614919670046515e-01,-4.952725196200669644e-01,9.895250171860540123e-01,8.687376654141285570e-01,8.642985184142611133e-02,1.661520481962030227e-01,5.304281965824714895e+00,2.850202312541867844e+00,-1.875613917492074956e-01,-1.349039453135560396e-01,0.000000000000000000e+00
-2.511455724241593024e-01,-5.443472087123765180e-01,9.679493279359934199e-01,8.388600099939467203e-01,8.642985184142611133e-02,1.661520481962030227e-01,5.594343783736577258e+00,2.895867715054051050e+00,-1.858234007688769340e-01,-1.504903948319960272e-01,0.000000000000000000e+00
-3.603215800488914211e-01,-5.945197152490435677e-01,9.328281508140019440e-01,8.040810333419114997e-01,8.642985184142611133e-02,1.661520481962030227e-01,5.879613633495564429e+00,3.208836509288472527e+00,-1.814057565543085171e-01,-1.657434152809130201e-01,0.000000000000000000e+00
-4.684306197480955225e-01,-6.455068387809613784e-01,8.835002855021695245e-01,7.637544900601304088e-01,8.642985184142611133e-02,1.661520481962030227e-01,6.010053491346043053e+00,3.292734729132606120e+00,-1.742371926739874066e-01,-1.798898186023291379e-01,0.000000000000000000e+00
-5.732728555940982407e-01,-6.950539828541106857e-01,8.193645300102928575e-01,7.189575515415619344e-01,8.642985184142611133e-02,1.661520481962030227e-01,6.287131173282067387e+00,3.387775533421121033e+00,-1.647268113642552656e-01,-1.921982533327507847e-01,0.000000000000000000e+00
-6.706685286743478969e-01,-7.411401175032021893e-01,7.417571871210857370e-01,6.713503751599008140e-01,8.642985184142611133e-02,1.661520481962030227e-01,6.174740460201813441e+00,3.239922364432676893e+00,-1.535977772018951026e-01,-2.019763142647314491e-01,0.000000000000000000e+00
-7.547372506339384834e-01,-7.825555232972939423e-01,6.560271964678929812e-01,6.225808003439380345e-01,8.642985184142611133e-02,1.661520481962030227e-01,5.840749114175605605e+00,3.159648298017465162e+00,-1.418621555591110528e-01,-2.087082879521952039e-01,0.000000000000000000e+00
-8.244629381550855340e-01,-8.199359573452643657e-01,5.659159510109992297e-01,5.724552610050018808e-01,8.642985184142611133e-02,1.661520481962030227e-01,5.560084054966426770e+00,3.094482813684439115e+00,-1.301510860727382868e-01,-2.125186217626259533e-01,0.000000000000000000e+00
-8.802700280930154664e-01,-8.529928667406132536e-01,4.744730525974280577e-01,5.219225702052272542e-01,8.642985184142611133e-02,1.661520481962030227e-01,5.159095631471140031e+00,2.945404266999151588e+00,-1.191018708467946885e-01,-2.137618046084354406e-01,0.000000000000000000e+00
-9.229488305500467282e-01,-8.818079514289346443e-01,3.849226626041925559e-01,4.716086691280236276e-01,8.642985184142611133e-02,1.661520481962030227e-01,4.766338186203610938e+00,2.853816610396334053e+00,-1.091682425875497853e-01,-2.128766311385109355e-01,0.000000000000000000e+00
-9.544028389324260564e-01,-9.076159439967120823e-01,2.985217262406970606e-01,4.198014985715952663e-01,8.642985184142611133e-02,1.661520481962030227e-01,4.432835825058295320e+00,2.934672709464982709e+00,-1.003698490457155812e-01,-2.101762326733704889e-01,0.000000000000000000e+00
-9.772231074342578871e-01,-9.316891774245241731e-01,2.122145100989392685e-01,3.632564888202459708e-01,8.642985184142611133e-02,1.661520481962030227e-01,4.497234600301187157e+00,3.210989931325303637e+00,-9.248045504368362923e-02,-2.057277672112347855e-01,0.000000000000000000e+00
-9.924035623357561064e-01,-9.540849844917047573e-01,1.230250765628740084e-01,2.995360451889947928e-01,8.642985184142611133e-02,1.661520481962030227e-01,4.552878315523188668e+00,3.543347320210398443e+00,-8.557172108748285766e-02,-1.994597517362873551e-01,0.000000000000000000e+00
-9.993976253396601450e-01,-9.736502504496471477e-01,3.470427157351486935e-02,2.280464641237379408e-01,8.642985184142611133e-02,1.661520481962030227e-01,4.310557453811977524e+00,3.869121157296440128e+00,-8.020317617495781315e-02,-1.914686402837985080e-01,0.000000000000000000e+00
-9.987936616666044376e-01,-9.888283261198302920e-01,-4.910418937948784340e-02,1.490588523471672588e-01,8.642985184142611133e-02,1.661520481962030227e-01,4.073747651201850672e+00,4.175297857690664749e+00,-7.686417972310488622e-02,-1.820981744047908413e-01,0.000000000000000000e+00
-9.914263937462127751e-01,-9.937961000890729313e-01,-1.306663911776069220e-01,1.112174062264953689e-01,8.642985184142611133e-02,1.661520481962030227e-01,4.117837080172552788e+00,1.416213160393270387e-01,-7.559801668998958335e-02,-1.768491524462823816e-01,0.000000000000000000e+00
-9.766793902061576826e-01,-9.930077065019834448e-01,-2.147029779638095492e-01,1.180495439536755620e-01,8.642985184142611133e-02,1.661520481962030227e-01,4.415841827523571794e+00,-5.467247193015537521e-01,-7.463125855215589632e-02,-1.768022199930959215e-01,0.000000000000000000e+00
-9.530024206452853974e-01,-9.917684904166252924e-01,-3.029626812731669450e-01,1.280439823526593468e-01,8.642985184142611133e-02,1.661520481962030227e-01,4.724352391430914899e+00,-4.198362860713141798e-01,-7.349702360822261971e-02,-1.768116448456186762e-01,0.000000000000000000e+00
-9.198000931008053493e-01,-9.909192401951457674e-01,-3.923872943046827766e-01,1.344583928621602698e-01,8.642985184142611133e-02,1.661520481962030227e-01,4.817905471729521771e+00,-2.351093988261777346e-01,-7.234684074268449283e-02,-1.762251378638050314e-01,0.000000000000000000e+00
-8.786510203952740961e-01,-9.904291001022860197e-01,-4.774645372782607700e-01,1.380224535015079079e-01,8.642985184142611133e-02,1.661520481962030227e-01,4.636818237073859983e+00,-1.258427192913244841e-01,-7.131926888837908374e-02,-1.752202056506203531e-01,0.000000000000000000e+00
-8.326661021733776646e-01,-9.901989132735149468e-01,-5.537753716908997426e-01,1.396642837376470825e-01,8.642985184142611133e-02,1.661520481962030227e-01,4.276851216677223455e+00,-5.101682266744862748e-02,-7.049241930324577632e-02,-1.740052491792699607e-01,0.000000000000000000e+00
-7.846321081945485387e-01,-9.900328055013190021e-01,-6.199616559031521090e-01,1.408369412873887172e-01,8.642985184142611133e-02,1.661520481962030227e-01,3.904621149031266558e+00,-6.736471776150949886e-02,-6.983930275828376111e-02,-1.727876903374612749e-01,0.000000000000000000e+00
-7.370926304554370478e-01,-9.898910036452704952e-01,-6.757917239270427867e-01,1.418301833255499189e-01,8.642985184142611133e-02,1.661520481962030227e-01,3.431401655484396684e+00,-3.308044669988556563e-02,-6.933530206386706585e-02,-1.716452015643337714e-01,0.000000000000000000e+00
-6.923811912829904713e-01,-9.896361637098136654e-01,-7.215319022451792685e-01,1.435975747626783150e-01,8.642985184142611133e-02,1.661520481962030227e-01,2.967543828126157912e+00,-1.451127902408450576e-01,-6.889826719304599500e-02,-1.706958852145931405e-01,0.000000000000000000e+00
-6.518299801156557383e-01,-9.892743357123048309e-01,-7.583651343663049271e-01,1.460694653272136545e-01,8.642985184142611133e-02,1.661520481962030227e-01,2.512875057524741162e+00,-1.048443385835670927e-01,-6.849543790106651930e-02,-1.699364836115367927e-01,0.000000000000000000e+00
-6.164365476696374024e-01,-9.888718001763310284e-01,-7.874045864084986412e-01,1.487701677622981777e-01,8.642985184142611133e-02,1.661520481962030227e-01,2.067202742590591225e+00,-1.679986168771883670e-01,-6.813442727523578990e-02,-1.693296210940589408e-01,0.000000000000000000e+00
-5.869187873022529978e-01,-9.887537632604604942e-01,-8.096458096671980131e-01,1.495526517259966603e-01,8.642985184142611133e-02,1.661520481962030227e-01,1.630366842568014674e+00,8.801196855223190896e-02,-6.796732975481852013e-02,-1.687125192465380730e-01,0.000000000000000000e+00
-5.637647180871279140e-01,-9.889600613338025425e-01,-8.259354349101031278e-01,1.481823103026859989e-01,8.642985184142611133e-02,1.661520481962030227e-01,1.202166493691724902e+00,5.069091711526365479e-02,-6.801405358842935178e-02,-1.680850549745405709e-01,0.000000000000000000e+00
-5.472749250926772779e-01,-9.889044984143845474e-01,-8.369528997290136552e-01,1.485526607496294449e-01,8.642985184142611133e-02,1.661520481962030227e-01,7.824384509932360565e-01,-8.767914086999228918e-02,-6.794862542346774559e-02,-1.677468557373381630e-01,0.000000000000000000e+00
-5.371429819956932139e-01,-9.880402879639866853e-01,-8.434912073594925674e-01,1.541959446938932499e-01,8.642985184142611133e-02,1.661520481962030227e-01,4.246044175783000307e-01,-4.819149365822528730e-01,-6.745828233277915975e-02,-1.679374376845125250e-01,0.000000000000000000e+00
-5.333966492404927928e-01,-9.860704087574245769e-01,-8.458652461113499443e-01,1.663284370544184654e-01,8.642985184142611133e-02,1.661520481962030227e-01,2.026437790415110823e-02,-7.463484850503556700e-01,-6.643721255916983093e-02,-1.687484553866852866e-01,0.000000000000000000e+00
-5.364139272615631171e-01,-9.836485354403113890e-01,-8.439550335413767979e-01,1.800987471531396988e-01,8.642985184142611133e-02,1.661520481962030227e-01,-3.760554766482226974e-01,-6.521431289622309224e-01,-6.531102460680258959e-02,-1.698573037771327621e-01,0.000000000000000000e+00
-5.460155945382832998e-01,-9.819588819096635168e-01,-8.377750118743128027e-01,1.890945642759822853e-01,8.642985184142611133e-02,1.661520481962030227e-01,-7.645174090812809631e-01,-2.644643457471714254e-01,-6.462708331382145677e-02,-1.707943143076024184e-01,0.000000000000000000e+00
-5.619254596951419600e-01,-9.815265748173841454e-01,-8.271878733071486023e-01,1.913258553548212726e-01,8.642985184142611133e-02,1.661520481962030227e-01,-1.145293141620166377e+00,3.618382466920840035e-02,-6.454350002441618106e-02,-1.713873377387072905e-01,0.000000000000000000e+00
-5.824455690450459633e-01,-9.822819337050590072e-01,-8.128697061028862247e-01,1.874091852515508416e-01,8.642985184142611133e-02,1.661520481962030227e-01,-1.356237990201917709e+00,3.616161576536264799e-01,-6.498314959994111462e-02,-1.716148349606281265e-01,0.000000000000000000e+00
-6.031970924975624815e-01,-9.843074956478565785e-01,-7.975921687193819887e-01,1.764617635960971376e-01,8.642985184142611133e-02,1.661520481962030227e-01,-1.221159276318953379e+00,7.504174700248468222e-01,-6.595708904723394939e-02,-1.712615881401284845e-01,0.000000000000000000e+00
-6.227949823303735588e-01,-9.872330618514880696e-01,-7.823850778127798833e-01,1.592823957232437082e-01,8.642985184142611133e-02,1.661520481962030227e-01,-1.259367482769950142e+00,9.914704970994629996e-01,-6.736823831479535341e-02,-1.703390597192651623e-01,0.000000000000000000e+00
-6.417051499238497492e-01,-9.907175790093841750e-01,-7.669514329872586522e-01,1.359363036196901686e-01,8.642985184142611133e-02,1.661520481962030227e-01,-1.181848165322886501e+00,1.088534827652281933e+00,-6.919968844964169419e-02,-1.688611888449121634e-01,0.000000000000000000e+00
-6.613956554889530715e-01,-9.916056235324429702e-01,-7.500371903448108668e-01,1.292992164664384935e-01,8.642985184142611133e-02,1.661520481962030227e-01,-1.413219695878401350e+00,-8.691823813813329136e-02,-6.979729929554578938e-02,-1.687073077836354906e-01,0.000000000000000000e+00
-6.848325322946134941e-01,-9.911110693087313850e-01,-7.287004890288925063e-01,1.330370185087711432e-01,8.642985184142611133e-02,1.661520481962030227e-01,-1.755221121363313097e+00,-2.166385179397680438e-01,-6.959573798351251228e-02,-1.695890280638363556e-01,0.000000000000000000e+00
-7.125332194643276829e-01,-9.906177867075203203e-01,-7.016383763448235111e-01,1.366616283332440229e-01,8.642985184142611133e-02,1.661520481962030227e-01,-2.116395035733450225e+00,-1.433777705211854159e-01,-6.949312009157312953e-02,-1.705700192220394873e-01,0.000000000000000000e+00
-7.439632612470664652e-01,-9.902912087518398465e-01,-6.682205219196947210e-01,1.390083517952067638e-01,8.642985184142611133e-02,1.661520481962030227e-01,-2.470420125479711793e+00,-9.372173025556189419e-02,-6.956702100483301565e-02,-1.715593562049255727e-01,0.000000000000000000e+00
-7.777639541406939916e-01,-9.901303636256136853e-01,-6.285564665480997126e-01,1.401494310606004878e-01,8.642985184142611133e-02,1.661520481962030227e-01,-2.740531101753911791e+00,-3.229975584837357222e-02,-6.980556229260227730e-02,-1.725407650325325448e-01,0.000000000000000000e+00
-8.130309688379931954e-01,-9.900767164664397990e-01,-5.822204425390387073e-01,1.405279171945311989e-01,8.642985184142611133e-02,1.661520481962030227e-01,-3.082202011723288226e+00,-9.136276927757994160e-03,-7.018682952318763824e-02,-1.735335667810322668e-01,0.000000000000000000e+00
-8.491339905961431400e-01,-9.900665638533377999e-01,-5.281774948010081738e-01,1.405994279492082388e-01,8.642985184142611133e-02,1.661520481962030227e-01,-3.417109779493635813e+00,-5.688437803859883760e-06,-7.069744741139745436e-02,-1.745803104482983037e-01,0.000000000000000000e+00
-8.834102448753771153e-01,-9.900688580003077499e-01,-4.686004046618250651e-01,1.405832721840210575e-01,8.642985184142611133e-02,1.661520481962030227e-01,-3.457457499362009745e+00,1.055628040558414561e-03,-7.131426007041324899e-02,-1.756392499341287161e-01,0.000000000000000000e+00
-9.122852788461948137e-01,-9.900596709522688776e-01,-4.095553320377121609e-01,1.406479575176443342e-01,8.642985184142611133e-02,1.661520481962030227e-01,-3.117596421735329137e+00,-4.932229036142491557e-03,-7.196832845648030996e-02,-1.766180969676303114e-01,0.000000000000000000e+00
-9.350832409438133430e-01,-9.900508182731218021e-01,-3.544281767946990125e-01,1.407102598843525676e-01,8.642985184142611133e-02,1.661520481962030227e-01,-2.849707481407389942e+00,-1.683431696767973169e-03,-7.261650146890374913e-02,-1.774690556740406433e-01,0.000000000000000000e+00
-9.523803005298779878e-01,-9.900582319981803270e-01,-3.049127140061879127e-01,1.406580863393123160e-01,8.642985184142611133e-02,1.661520481962030227e-01,-2.397369785576970447e+00,4.306923617819598260e-03,-7.322978133348895247e-02,-1.781724645501608084e-01,0.000000000000000000e+00
-9.649099487666075170e-01,-9.900688023916346392e-01,-2.625810175378694988e-01,1.405836638119606907e-01,8.642985184142611133e-02,1.661520481962030227e-01,-2.018957789846738571e+00,2.624141353271590774e-03,-7.377424878381380613e-02,-1.787347976825281459e-01,0.000000000000000000e+00
-9.737369303738430126e-01,-9.900729819696926226e-01,-2.276760646755068840e-01,1.405542257409601037e-01,8.642985184142611133e-02,1.661520481962030227e-01,-1.583066114543487668e+00,5.817484416464093182e-04,-7.423571100419106006e-02,-1.791788057539178414e-01,0.000000000000000000e+00
-9.796763953603006003e-01,-9.900734193434063135e-01,-2.005845466975157976e-01,1.405511448180178369e-01,8.642985184142611133e-02,1.661520481962030227e-01,-1.191821831407639642e+00,-9.511956262129003304e-05,-7.460168097685804245e-02,-1.795116257961229811e-01,0.000000000000000000e+00
-9.838236282466620297e-01,-9.900599020390190574e-01,-1.791398015617234885e-01,1.406463308248319666e-01,8.642985184142611133e-02,1.661520481962030227e-01,-9.930921156883261158e-01,-6.451688895377023086e-03,-7.489588265525136401e-02,-1.797768111957627479e-01,0.000000000000000000e+00
-9.874124977495999378e-01,-9.900586975350916807e-01,-1.581662394061903176e-01,1.406548094987079001e-01,8.642985184142611133e-02,1.661520481962030227e-01,-1.134317496150143656e+00,2.758185800376906915e-03,-7.518833563391465191e-02,-1.800211055111960723e-01,0.000000000000000000e+00
-9.904187195260175658e-01,-9.900576012889649169e-01,-1.380969225306767356e-01,1.406625256773852695e-01,8.642985184142611133e-02,1.661520481962030227e-01,-8.958341660467903367e-01,-1.938993515106198114e-03,-7.547210633578452232e-02,-1.802464682279836250e-01,0.000000000000000000e+00
-9.922334407729649364e-01,-9.900408575518163667e-01,-1.243897062133481751e-01,1.407803266726717073e-01,8.642985184142611133e-02,1.661520481962030227e-01,-4.882172443202271728e-01,-7.268814606060321031e-03,-7.566825255727650801e-02,-1.804095207993765548e-01,0.000000000000000000e+00
-9.929257505167516928e-01,-9.896853690322329200e-01,-1.187369106922757517e-01,1.432580550040131739e-01,8.642985184142611133e-02,1.661520481962030227e-01,-8.263826498439114099e-02,-2.422581386143774496e-01,-7.575609725779851311e-02,-1.807462163415665124e-01,0.000000000000000000e+00
-9.926456622215098502e-01,-9.889804527323211580e-01,-1.210561409959038104e-01,1.480461553481652592e-01,8.642985184142611133e-02,1.661520481962030227e-01,3.149216190226548640e-01,-2.417154160898320747e-01,-7.573524741010799477e-02,-1.812535542033076319e-01,0.000000000000000000e+00
-9.913581757636513725e-01,-9.884640238133404200e-01,-1.311829537194729167e-01,1.514558471196803258e-01,8.642985184142611133e-02,1.661520481962030227e-01,7.046169168378138004e-01,-1.036030484667042340e-01,-7.558876094508334975e-02,-1.815229346850497361e-01,0.000000000000000000e+00
-9.888476104365220287e-01,-9.882419242568790674e-01,-1.489308676332085357e-01,1.528983294253434266e-01,8.642985184142611133e-02,1.661520481962030227e-01,1.086594432882076688e+00,-4.254863077610808453e-02,-7.531552343799149951e-02,-1.814866571223670566e-01,0.000000000000000000e+00
-9.851841067928058804e-01,-9.885733472058361171e-01,-1.715000749937481694e-01,1.507406288770528624e-01,8.642985184142611133e-02,1.661520481962030227e-01,1.199540019738431607e+00,2.598413959250369110e-01,-7.497260089113336190e-02,-1.809885558983843346e-01,0.000000000000000000e+00
-9.812181698703140720e-01,-9.899066692057232331e-01,-1.929012781615287164e-01,1.417208039140015197e-01,8.642985184142611133e-02,1.661520481962030227e-01,9.777991941592015790e-01,6.506433196642146255e-01,-7.469986808376147258e-02,-1.797338691179711234e-01,0.000000000000000000e+00
-9.780348638944655892e-01,-9.907092250898560382e-01,-2.084413706703498459e-01,1.359971739480526076e-01,8.642985184142611133e-02,1.661520481962030227e-01,6.097257455517012259e-01,9.867169686208035126e-03,-7.453333983565516019e-02,-1.788773804721276728e-01,0.000000000000000000e+00
-9.763142258645541860e-01,-9.905341401361840159e-01,-2.163574181175590694e-01,1.372665918010295416e-01,8.642985184142611133e-02,1.661520481962030227e-01,2.017269176178550505e-01,-9.352625007225216780e-02,-7.441706257207152120e-02,-1.789474296490367600e-01,0.000000000000000000e+00
-9.763094786204307152e-01,-9.899619763519329485e-01,-2.163788389743846463e-01,1.413339498399971972e-01,8.642985184142611133e-02,1.661520481962030227e-01,-1.982000422435160891e-01,-3.164714217140338071e-01,-7.438078227382545482e-02,-1.794054832349848139e-01,0.000000000000000000e+00
-9.779877742923729356e-01,-9.890740229158431207e-01,-2.086621991033610901e-01,1.474197313559831302e-01,8.642985184142611133e-02,1.661520481962030227e-01,-5.901994325938050290e-01,-2.986109712131893024e-01,-7.444165070753643032e-02,-1.801754134063513202e-01,0.000000000000000000e+00
-9.807848195736105223e-01,-9.881600393856931897e-01,-1.950926387487753322e-01,1.534266487976102822e-01,8.642985184142611133e-02,1.661520481962030227e-01,-7.946138339780147719e-01,-3.089607929911372675e-01,-7.460679595923122576e-02,-1.810078328223877486e-01,0.000000000000000000e+00
-9.843042601441402972e-01,-9.877925207070643587e-01,-1.764798103526195872e-01,1.557752741457509582e-01,8.642985184142611133e-02,1.661520481962030227e-01,-1.098666000308044177e+00,6.997716516772679862e-02,-7.488450118854543536e-02,-1.814907202333956582e-01,0.000000000000000000e+00
-9.883899511085972867e-01,-9.886130225369026414e-01,-1.519384893552148119e-01,1.504802035832278895e-01,8.642985184142611133e-02,1.661520481962030227e-01,-1.388342379939758953e+00,4.645349024322317777e-01,-7.526894815851666032e-02,-1.811837880178049920e-01,0.000000000000000000e+00
-9.922480678991320024e-01,-9.905092137809474728e-01,-1.242729727271357498e-01,1.374463437674837418e-01,8.642985184142611133e-02,1.661520481962030227e-01,-1.405024971314924542e+00,6.636460896424511979e-01,-7.566437090253985698e-02,-1.800411307148964135e-01,0.000000000000000000e+00
-9.952676342533923748e-01,-9.910477180638671557e-01,-9.717168418657551321e-02,1.335081290423979217e-01,8.642985184142611133e-02,1.661520481962030227e-01,-1.322225095579554699e+00,-6.042841241240685252e-02,-7.602890128374079071e-02,-1.798562863766646758e-01,0.000000000000000000e+00
-9.972355066184731553e-01,-9.907278880749892380e-01,-7.430574903328283909e-02,1.358611489369631886e-01,8.642985184142611133e-02,1.661520481962030227e-01,-9.740295258911884080e-01,-1.335723171866068648e-01,-7.636366033668484654e-02,-1.803802822368160419e-01,0.000000000000000000e+00
-9.983238620995191770e-01,-9.904154058721893472e-01,-5.787457440621168736e-02,1.381206856738935174e-01,8.642985184142611133e-02,1.661520481962030227e-01,-6.737077233209048943e-01,-9.017257589578356325e-02,-7.661978609121296302e-02,-1.808011594977732839e-01,0.000000000000000000e+00
-9.989739897048817152e-01,-9.902224741202092506e-01,-4.528761302068017719e-02,1.394971388496968057e-01,8.642985184142611133e-02,1.661520481962030227e-01,-5.869637732530250673e-01,-5.051033253178637689e-02,-7.681963375837883024e-02,-1.810769959409919694e-01,0.000000000000000000e+00
-9.993597385704396929e-01,-9.900583421534514539e-01,-3.577866577197099524e-02,1.406573109808348654e-01,8.642985184142611133e-02,1.661520481962030227e-01,-3.654548222086887455e-01,-6.660850046498707766e-02,-7.697557150287830108e-02,-1.812957877407243568e-01,0.000000000000000000e+00
-9.994712043730866746e-01,-9.893005225271188641e-01,-3.251632865210520723e-02,1.458920015887425758e-01,8.642985184142611133e-02,1.661520481962030227e-01,3.768720416020562847e-02,-4.610038080693967255e-01,-7.708963995114216650e-02,-1.819046240728900699e-01,0.000000000000000000e+00
-9.993066493951582308e-01,-9.873043322179172465e-01,-3.723198187878562493e-02,1.588400314270065616e-01,8.642985184142611133e-02,1.661520481962030227e-01,4.328487294210894287e-01,-8.478167246217135355e-01,-7.718181494213931237e-02,-1.832918511718311383e-01,0.000000000000000000e+00
-9.987610396175856664e-01,-9.837942103477341771e-01,-4.976329713754472361e-02,1.793012874640841636e-01,8.642985184142611133e-02,1.661520481962030227e-01,8.201873930603452711e-01,-1.226972412803888801e+00,-7.724118969582459415e-02,-1.854416723372118436e-01,0.000000000000000000e+00
-9.975512119468308292e-01,-9.783875665638160912e-01,-6.993982801958455175e-02,2.067795192791932746e-01,8.642985184142611133e-02,1.661520481962030227e-01,1.199858643871876129e+00,-1.572476820760366767e+00,-7.723506538157233481e-02,-1.883088272642690075e-01,0.000000000000000000e+00
-9.952773113518840198e-01,-9.706657325398729830e-01,-9.707251674992702084e-02,2.404330170189440674e-01,8.642985184142611133e-02,1.661520481962030227e-01,1.521932537130042951e+00,-1.879474582233833901e+00,-7.712128504165741139e-02,-1.918171543105141041e-01,0.000000000000000000e+00
-9.913880329071804720e-01,-9.609883423432517002e-01,-1.309571235497758446e-01,2.765888751927111922e-01,8.642985184142611133e-02,1.661520481962030227e-01,1.887721461298807801e+00,-1.863654293730539369e+00,-7.678600244527315766e-02,-1.955672321026853400e-01,0.000000000000000000e+00
-9.853937084352469844e-01,-9.494202875516861706e-01,-1.702916303763382377e-01,3.140081489153960792e-01,8.642985184142611133e-02,1.661520481962030227e-01,2.090727536767310379e+00,-2.052625914186201328e+00,-7.617640699310489205e-02,-1.994328997572535900e-01,0.000000000000000000e+00
-9.766559019111780149e-01,-9.344698165204475826e-01,-2.148097978725913015e-01,3.560423598565781167e-01,8.642985184142611133e-02,1.661520481962030227e-01,2.445236641523303334e+00,-2.407941159098825334e+00,-7.529042053556403435e-02,-2.038026187432973590e-01,0.000000000000000000e+00
-9.649378535130020973e-01,-9.153473561850765661e-01,-2.624784540828447588e-01,4.026651431710851492e-01,8.642985184142611133e-02,1.661520481962030227e-01,2.463975177797762317e+00,-2.631047630509232960e+00,-7.413975919094464850e-02,-2.087114597840070418e-01,0.000000000000000000e+00
-9.515441887243748509e-01,-8.913427058198661879e-01,-3.075120435119108597e-01,4.533301013408657099e-01,8.642985184142611133e-02,1.661520481962030227e-01,2.235532282222222999e+00,-2.974930752300128933e+00,-7.295299163348087368e-02,-2.142022339143908050e-01,0.000000000000000000e+00
-9.372287384206957617e-01,-8.610942472428672056e-01,-3.487152016737313787e-01,5.084453730394642434e-01,8.642985184142611133e-02,1.661520481962030227e-01,2.127093326010827123e+00,-3.312001973408469357e+00,-7.187473398427705884e-02,-2.204112346791567978e-01,0.000000000000000000e+00
-9.227831515874398427e-01,-8.247239913298470837e-01,-3.853196791579065472e-01,5.655354437389104039e-01,8.642985184142611133e-02,1.661520481962030227e-01,1.809399478973237718e+00,-3.457904170919732234e+00,-7.102320464885507334e-02,-2.271331911894177713e-01,0.000000000000000000e+00
-9.080234011695461627e-01,-7.825477492826046211e-01,-4.189194468253885639e-01,6.225905717987783028e-01,8.642985184142611133e-02,1.661520481962030227e-01,1.860506465175540081e+00,-3.638139960659926064e+00,-7.037962043675831392e-02,-2.341691729320058424e-01,0.000000000000000000e+00
-8.916889119705581068e-01,-7.330086582527720607e-01,-4.526487427009626141e-01,6.802193079635940887e-01,8.642985184142611133e-02,1.661520481962030227e-01,1.887265234135821368e+00,-3.962079470200635001e+00,-6.983193859778664969e-02,-2.416391232704875047e-01,0.000000000000000000e+00
-8.738277548836310693e-01,-6.745146617503183784e-01,-4.862355959769222857e-01,7.382614517119620023e-01,8.642985184142611133e-02,1.661520481962030227e-01,1.916940176195198520e+00,-4.279607304700268067e+00,-6.949094196733877904e-02,-2.496609051387044254e-01,0.000000000000000000e+00
-8.542327139668944858e-01,-6.064531134921553601e-01,-5.198908254516074745e-01,7.951192496321988212e-01,8.642985184142611133e-02,1.661520481962030227e-01,1.977511647108027182e+00,-4.590851797953992453e+00,-6.939609216773770517e-02,-2.581730227071220574e-01,0.000000000000000000e+00
-8.336254966883944739e-01,-5.308802280135661578e-01,-5.523300926719706405e-01,8.474468617584609564e-01,8.642985184142611133e-02,1.661520481962030227e-01,1.866225389747838914e+00,-4.604425353355935613e+00,-6.962352509574622206e-02,-2.668405842650761750e-01,0.000000000000000000e+00
-8.138355481885918286e-01,-4.527327986451949449e-01,-5.810952594063852894e-01,8.916462376026096370e-01,8.642985184142611133e-02,1.661520481962030227e-01,1.626281083098435998e+00,-4.377435671352079005e+00,-7.028938609629611922e-02,-2.751446278067526396e-01,0.000000000000000000e+00
-7.951563258325106132e-01,-3.722295369242527574e-01,-6.064044998914026596e-01,9.281407069195685144e-01,8.642985184142611133e-02,1.661520481962030227e-01,1.519791200799014641e+00,-4.464058473646989711e+00,-7.147638058051807020e-02,-2.831449388695918001e-01,0.000000000000000000e+00
-7.772353631599647761e-01,-2.873330384292452355e-01,-6.292099731040486921e-01,9.578307392368538009e-01,8.642985184142611133e-02,1.661520481962030227e-01,1.381206452729538015e+00,-4.532585257058602934e+00,-7.329307175061307300e-02,-2.910763937065365958e-01,0.000000000000000000e+00
-7.605517755801546320e-01,-1.964315977874407926e-01,-6.492772879609097769e-01,9.805175303841706658e-01,8.642985184142611133e-02,1.661520481962030227e-01,1.229051939623247769e+00,-4.838794859968562179e+00,-7.602219876651714059e-02,-2.990811944832016955e-01,0.000000000000000000e+00
-7.464026457414729698e-01,-9.973633383950650244e-02,-6.654946208874488178e-01,9.950139012658337778e-01,8.642985184142611133e-02,1.661520481962030227e-01,9.242181280911331287e-01,-4.942343619248307895e+00,-8.004171840238483160e-02,-3.070952384472800389e-01,0.000000000000000000e+00
-7.355428521954751053e-01,6.840133696486335596e-04,-6.774782008184068172e-01,9.999997660628276996e-01,8.642985184142611133e-02,1.661520481962030227e-01,6.937960715154991576e-01,-5.115721913949485611e+00,-8.551669251239883696e-02,-3.148604825147230946e-01,0.000000000000000000e+00
-7.278767841199986766e-01,1.048843594589393413e-01,-6.857079459501170815e-01,9.944844247854703889e-01,8.642985184142611133e-02,1.661520481962030227e-01,4.317988458431350485e-01,-5.322946889813297666e+00,-9.260315385060167992e-02,-3.222588297276779423e-01,0.000000000000000000e+00
-7.237441666596226009e-01,2.115039169109474149e-01,-6.900683888037245639e-01,9.773771498921627332e-01,8.642985184142611133e-02,1.661520481962030227e-01,1.698461694937842825e-01,-5.480109673138556126e+00,-1.014519686041173707e-01,-3.290244154235067442e-01,0.000000000000000000e+00
-7.209714734930883218e-01,3.198772912842630101e-01,-6.929647425440957909e-01,9.474589798617366609e-01,8.642985184142611133e-02,1.661520481962030227e-01,2.309097636633317685e-01,-5.767586402394020872e+00,-1.116742629855680957e-01,-3.349714636447269078e-01,0.000000000000000000e+00
-7.167301413151703215e-01,4.293556360489680923e-01,-6.973506324155273051e-01,9.031355035613349846e-01,8.642985184142611133e-02,1.661520481962030227e-01,3.787209011455168750e-01,-6.049395996341421444e+00,-1.226751520091765996e-01,-3.400257919862157419e-01,0.000000000000000000e+00
-7.127033568885694503e-01,5.345063781224592692e-01,-7.014655551627352326e-01,8.451644406542496712e-01,8.642985184142611133e-02,1.661520481962030227e-01,1.976229163750646833e-01,-5.965323922353778840e+00,-1.343900726920004840e-01,-3.438004764621855891e-01,0.000000000000000000e+00
-7.104588421128499309e-01,6.306194736139560941e-01,-7.037387538452523073e-01,7.760921849231938729e-01,8.642985184142611133e-02,1.661520481962030227e-01,1.220843295605387457e-01,-5.877724207023106828e+00,-1.466806534160933484e-01,-3.459949673969593409e-01,0.000000000000000000e+00
-7.075794307110299108e-01,7.165642302620678361e-01,-7.066338155187981140e-01,6.975211135936533191e-01,8.642985184142611133e-02,1.661520481962030227e-01,2.856847665900329458e-01,-5.773915975196344696e+00,-1.587427189494843571e-01,-3.468043910895978188e-01,0.000000000000000000e+00
-7.007448583039663781e-01,7.896516736304909356e-01,-7.134119732388531920e-01,6.135554044522505412e-01,8.642985184142611133e-02,1.661520481962030227e-01,6.755857446189779125e-01,-5.365145585844528497e+00,-1.692237448529032573e-01,-3.467552907303784737e-01,0.000000000000000000e+00
-6.882643282258700257e-01,8.505457388310991851e-01,-7.254600019930745880e-01,5.259010802006967022e-01,8.642985184142611133e-02,1.661520481962030227e-01,1.057858779129938753e+00,-5.313135800162976707e+00,-1.776834077199025697e-01,-3.463874423954853565e-01,0.000000000000000000e+00
-6.706365832336148580e-01,9.023452796851481050e-01,-7.417860697187180774e-01,4.310139165153856755e-01,8.642985184142611133e-02,1.661520481962030227e-01,1.343904692315795790e+00,-5.502040876451097517e+00,-1.848904622847143131e-01,-3.457546563301460152e-01,0.000000000000000000e+00
-6.476419573055077761e-01,9.445121524510373678e-01,-7.619448110837758747e-01,3.284764738490539848e-01,8.642985184142611133e-02,1.661520481962030227e-01,1.712968222081431957e+00,-5.590268286844228385e+00,-1.909510093209391690e-01,-3.449105230320731463e-01,0.000000000000000000e+00
-6.192297460632508743e-01,9.758927785849239589e-01,-7.852098583120578068e-01,2.182505090619414889e-01,8.642985184142611133e-02,1.661520481962030227e-01,1.958633307113914146e+00,-5.875649507941393956e+00,-1.959751233784408631e-01,-3.438300402912429776e-01,0.000000000000000000e+00
-5.859721911793007720e-01,9.950338962629324824e-01,-8.103311614176818001e-01,9.953665298676478423e-02,8.642985184142611133e-02,1.661520481962030227e-01,2.208741025667736668e+00,-6.155382911347206942e+00,-2.002916436244199239e-01,-3.422947049375185680e-01,0.000000000000000000e+00
-5.466620618601600867e-01,9.996579147146215094e-01,-8.373533245427515759e-01,-2.615441737861008351e-02,8.642985184142611133e-02,1.661520481962030227e-01,2.560740878022232270e+00,-6.429617330916748585e+00,-2.036175207897303330e-01,-3.403918973452871866e-01,0.000000000000000000e+00
-5.028958010415021107e-01,9.879529941512082969e-01,-8.643470444762485494e-01,-1.547542611615672081e-01,8.642985184142611133e-02,1.661520481962030227e-01,2.581881009456572063e+00,-6.492304370813397618e+00,-2.060852929287071422e-01,-3.379587482576102975e-01,0.000000000000000000e+00
-4.591641456796123344e-01,9.594320381882114335e-01,-8.883514435865524916e-01,-2.819400008831923210e-01,8.642985184142611133e-02,1.661520481962030227e-01,2.407869886089869738e+00,-6.551182130596140851e+00,-2.083559705870114409e-01,-3.345014703417387159e-01,0.000000000000000000e+00
-4.158882613615988433e-01,9.137550413409079031e-01,-9.094157212527318457e-01,-4.062655836076637383e-01,8.642985184142611133e-02,1.661520481962030227e-01,2.405609809390418796e+00,-6.703101047412317826e+00,-2.104619039256648005e-01,-3.299161060841350190e-01,0.000000000000000000e+00
-3.738661113693445004e-01,8.507250838024216222e-01,-9.274826848893540365e-01,-5.256109129283396131e-01,8.642985184142611133e-02,1.661520481962030227e-01,2.169710953462429259e+00,-6.803527177879779231e+00,-2.124270336312806262e-01,-3.240781919308898251e-01,0.000000000000000000e+00
-3.336961366536784768e-01,7.727683970359601195e-01,-9.426806926963178235e-01,-6.346881159612748347e-01,8.642985184142611133e-02,1.661520481962030227e-01,2.125653629394760991e+00,-6.614283158352238345e+00,-2.139790694895877810e-01,-3.172549626316432114e-01,0.000000000000000000e+00
-2.960516447134981521e-01,6.831729904381479423e-01,-9.551719340843473072e-01,-7.302565748665315049e-01,8.642985184142611133e-02,1.661520481962030227e-01,1.841829071484818892e+00,-6.495372589877774772e+00,-2.150101285986028565e-01,-3.096682848674164323e-01,0.000000000000000000e+00
-2.617290801494243091e-01,5.812004422337149201e-01,-9.651413827021076974e-01,-8.137604352309923961e-01,8.642985184142611133e-02,1.661520481962030227e-01,1.732832148193678368e+00,-6.693546920782980081e+00,-2.157288696814980145e-01,-3.009414712075052512e-01,0.000000000000000000e+00
-2.323290137142587364e-01,4.684184538052976743e-01,-9.726372547803008306e-01,-8.835067357607717664e-01,8.642985184142611133e-02,1.661520481962030227e-01,1.302769302083874425e+00,-6.577168404767487431e+00,-2.161600072996669453e-01,-2.909530225743959253e-01,0.000000000000000000e+00
-2.110478279341947982e-01,3.521623587390013688e-01,-9.774757359260937140e-01,-9.359389259387510540e-01,8.642985184142611133e-02,1.661520481962030227e-01,8.811041146862221840e-01,-6.186076097566616916e+00,-2.163443367523950611e-01,-2.800369230272100607e-01,0.000000000000000000e+00
-1.953218590214982342e-01,2.390243079832245487e-01,-9.807391964168588050e-01,-9.710135839385258816e-01,8.642985184142611133e-02,1.661520481962030227e-01,7.255360897226647010e-01,-5.667608453469463292e+00,-2.158517339516302647e-01,-2.691494501570843578e-01,0.000000000000000000e+00
-1.788349404838192047e-01,1.304430540881101053e-01,-9.838790901641059072e-01,-9.914558031703513130e-01,8.642985184142611133e-02,1.661520481962030227e-01,9.520605396924910480e-01,-5.387829563242627628e+00,-2.141814719898328390e-01,-2.591533666182742612e-01,0.000000000000000000e+00
-1.581722174634751510e-01,2.359021744612771476e-02,-9.874115401506542433e-01,-9.997217120983441507e-01,8.642985184142611133e-02,1.661520481962030227e-01,1.143593217418514385e+00,-5.334689628447692122e+00,-2.112426251543670364e-01,-2.500612344737894732e-01,0.000000000000000000e+00
-1.362122625432678202e-01,-8.425121400314944387e-02,-9.906796755424247536e-01,-9.964445458423641933e-01,8.642985184142611133e-02,1.661520481962030227e-01,1.076853208256712380e+00,-5.459256908446808332e+00,-2.073760141465920692e-01,-2.411087726228441919e-01,0.000000000000000000e+00
-1.167646941362338597e-01,-1.951636949241518648e-01,-9.931596076176637533e-01,-9.807706827712340258e-01,8.642985184142611133e-02,1.661520481962030227e-01,8.843182967342604339e-01,-5.747099484306165351e+00,-2.027464056051386798e-01,-2.315499380949262720e-01,0.000000000000000000e+00
-1.008087315926787936e-01,-3.061289166036102460e-01,-9.949058245053524763e-01,-9.519900663447596889e-01,8.642985184142611133e-02,1.661520481962030227e-01,7.213629790686127974e-01,-5.722952028130416480e+00,-1.973014821727270829e-01,-2.215834768303807378e-01,0.000000000000000000e+00
-8.798471008353260514e-02,-4.151308163600274659e-01,-9.961218252761641079e-01,-9.097617299646414413e-01,8.642985184142611133e-02,1.661520481962030227e-01,5.673090278056462932e-01,-5.972470969321756584e+00,-1.908962691026561687e-01,-2.114721385846458912e-01,0.000000000000000000e+00
-8.074975219414878835e-02,-5.209385427062067642e-01,-9.967344067105256000e-01,-8.535941862050921980e-01,8.642985184142611133e-02,1.661520481962030227e-01,1.601280828737435269e-01,-6.013744462361595211e+00,-1.834662927431676693e-01,-2.011275310201704469e-01,0.000000000000000000e+00
-8.154922525748516116e-02,-6.217718271332194346e-01,-9.966693151993312183e-01,-7.831984390838747645e-01,8.642985184142611133e-02,1.661520481962030227e-01,-2.390172321197213956e-01,-6.290621623731553314e+00,-1.748721532448820337e-01,-1.906265056300217586e-01,0.000000000000000000e+00
-8.755432453133298043e-02,-7.145076047677720865e-01,-9.961597463538978126e-01,-6.996276743590272851e-01,8.642985184142611133e-02,1.661520481962030227e-01,-3.632359206632906345e-01,-6.201384532405612049e+00,-1.649673414157513118e-01,-1.807359320505493860e-01,0.000000000000000000e+00
-9.526095868782891163e-02,-7.971403813253228332e-01,-9.954523342430192656e-01,-6.037940149260497824e-01,8.642985184142611133e-02,1.661520481962030227e-01,-4.105117124419643826e-01,-6.460169125034978421e+00,-1.537183464530203492e-01,-1.720837000260699301e-01,0.000000000000000000e+00
-1.059563460374797345e-01,-8.687637801790530911e-01,-9.943707823213561170e-01,-4.952267099511111215e-01,8.642985184142611133e-02,1.661520481962030227e-01,-6.636428090974828553e-01,-6.555148979406205889e+00,-1.410682007810455107e-01,-1.647911712879385204e-01,0.000000000000000000e+00
-1.196898875414085933e-01,-9.270528000201488927e-01,-9.928113268996909824e-01,-3.749308015818411111e-01,8.642985184142611133e-02,1.661520481962030227e-01,-7.183629793955043086e-01,-6.821327979609819181e+00,-1.271393976437427131e-01,-1.592541883141972980e-01,0.000000000000000000e+00
-1.307588545536806923e-01,-9.700698825608974341e-01,-9.914142030230399527e-01,-2.428259107844275011e-01,8.642985184142611133e-02,1.661520481962030227e-01,-3.983819152387750862e-01,-7.082225746099648944e+00,-1.120343845222831619e-01,-1.560092513723593810e-01,0.000000000000000000e+00
-1.346400506763619220e-01,-9.927530219283520196e-01,-9.908945739854804202e-01,-1.201725320201123548e-01,8.642985184142611133e-02,1.661520481962030227e-01,5.568444325863401885e-03,-2.942790061244814570e+00,-1.003120103357850873e-01,-1.552422877720376904e-01,0.000000000000000000e+00
-1.308229847481291730e-01,-9.945465001486113454e-01,-9.914057427015393609e-01,-1.042940987887049781e-01,8.642985184142611133e-02,1.661520481962030227e-01,3.782626332542767256e-01,3.816962254125265686e-01,-9.640438573642867714e-02,-1.553365154091337907e-01,0.000000000000000000e+00
-1.194503813731497416e-01,-9.931605463259375322e-01,-9.928401716237156283e-01,-1.167567095355346446e-01,8.642985184142611133e-02,1.661520481962030227e-01,7.667112099115930279e-01,6.737291458427715485e-01,-9.804007167332103034e-02,-1.554365558152289162e-01,0.000000000000000000e+00
-1.029330344685792237e-01,-9.915403791949500834e-01,-9.946882880657087478e-01,-1.297985994760137429e-01,8.642985184142611133e-02,1.661520481962030227e-01,8.949223989285749470e-01,6.406046725128806685e-01,-9.969832244106256736e-02,-1.556611120284545069e-01,0.000000000000000000e+00
-8.133251373685043695e-02,-9.894554318373314228e-01,-9.966870231969737759e-01,-1.448376622553676496e-01,8.642985184142611133e-02,1.661520481962030227e-01,1.273139156317170562e+00,8.769122533650414164e-01,-1.015900999097889001e-01,-1.560454055436902299e-01,0.000000000000000000e+00
-5.617393578815939315e-02,-9.863275431483810030e-01,-9.984209978451313861e-01,-1.647967767490572388e-01,8.642985184142611133e-02,1.661520481962030227e-01,1.248834565550732023e+00,1.142509075717832889e+00,-1.040514976438065564e-01,-1.566511209473838706e-01,0.000000000000000000e+00
-3.319140164503453505e-02,-9.817088193833736209e-01,-9.994490136354320375e-01,-1.903885341739431913e-01,8.642985184142611133e-02,1.661520481962030227e-01,1.052421885693113124e+00,1.457036443919633051e+00,-1.070957836101747440e-01,-1.574733546165225651e-01,0.000000000000000000e+00
-1.632968439965361285e-02,-9.749318429943411024e-01,-9.998666618141679452e-01,-2.225037112401889727e-01,8.642985184142611133e-02,1.661520481962030227e-01,6.356756368234305343e-01,1.824130700553509676e+00,-1.107835767126206933e-01,-1.585108430434332694e-01,0.000000000000000000e+00
-7.715468520721605224e-03,-9.656988000279929096e-01,-9.999702353297851287e-01,-2.596648370967746255e-01,8.642985184142611133e-02,1.661520481962030227e-01,2.271723613406775866e-01,2.004598914563628931e+00,-1.149440211659898126e-01,-1.597050154002071509e-01,0.000000000000000000e+00
-7.189471443350454669e-03,-9.534432445272225110e-01,-9.999741554162113744e-01,-3.015725111236149947e-01,8.642985184142611133e-02,1.661520481962030227e-01,-1.732368226049913196e-01,2.360854299789104438e+00,-1.195667468669730643e-01,-1.610349284265187308e-01,0.000000000000000000e+00
-1.459171456856776274e-02,-9.376086351851034006e-01,-9.998935352656048714e-01,-3.476924606981400268e-01,8.642985184142611133e-02,1.661520481962030227e-01,-5.657246398920576791e-01,2.515367618687985640e+00,-1.246261162199872319e-01,-1.624573941304758018e-01,0.000000000000000000e+00
-2.976231870963438539e-02,-9.185755847951603270e-01,-9.995570040698159575e-01,-3.952453605271404879e-01,8.642985184142611133e-02,1.661520481962030227e-01,-9.504407084277822770e-01,2.606933559893738206e+00,-1.298564945333643972e-01,-1.638152745344497729e-01,0.000000000000000000e+00
-5.225743488046078605e-02,-8.958232082089222503e-01,-9.986336467893089930e-01,-4.444105980220025565e-01,8.642985184142611133e-02,1.661520481962030227e-01,-1.299847628739176253e+00,2.810514913735944198e+00,-1.353244058167364372e-01,-1.650549221841560721e-01,0.000000000000000000e+00
-8.190038714650359208e-02,-8.677491303924629307e-01,-9.966405202404992059e-01,-4.970024614658606343e-01,8.642985184142611133e-02,1.661520481962030227e-01,-1.670015669551845550e+00,3.150827008966959220e+00,-1.412887668859602597e-01,-1.662068685816237013e-01,0.000000000000000000e+00
-1.172930931547801758e-01,-8.329945178045323750e-01,-9.930973418040066614e-01,-5.532812425047450855e-01,8.642985184142611133e-02,1.661520481962030227e-01,-1.886412256927683107e+00,3.463854484955739998e+00,-1.478523706106784352e-01,-1.673262948995261068e-01,0.000000000000000000e+00
-1.582216814209444766e-01,-7.906906199803697133e-01,-9.874036153105422153e-01,-6.122159287988663268e-01,8.642985184142611133e-02,1.661520481962030227e-01,-2.244958494549445849e+00,3.791244097296605275e+00,-1.549858649518054965e-01,-1.683568134102320646e-01,0.000000000000000000e+00
-2.058328232244413525e-01,-7.402495483042930147e-01,-9.785871697929908741e-01,-6.723322141882613900e-01,8.642985184142611133e-02,1.661520481962030227e-01,-2.596397584592032182e+00,4.057350019981354805e+00,-1.626255069526622021e-01,-1.691042733160348643e-01,0.000000000000000000e+00
-2.596877464165499583e-01,-6.809999905310943902e-01,-9.656926396949981894e-01,-7.322834238849391664e-01,8.642985184142611133e-02,1.661520481962030227e-01,-2.940868919031764506e+00,4.373010362905542792e+00,-1.707329682737706023e-01,-1.694631688490526311e-01,0.000000000000000000e+00
-3.174250319948775378e-01,-6.119807477335905688e-01,-9.482833696016454983e-01,-7.908726600429650810e-01,8.642985184142611133e-02,1.661520481962030227e-01,-3.090034267385575628e+00,4.682426438474805330e+00,-1.793007066903771207e-01,-1.695292301634466758e-01,0.000000000000000000e+00
